Scenario,2025,2026,2027,2028,2029,2030,2031,2032,2033,2034,2035,2036,2037,2038,2039,2040,2041,2042,2043,2044,2045,2046,2047,2048,2049,2050
S1,-5.831256939618557,-280.0878819287311,-258.43380348814105,-161.5010907119041,-11.008010047202532,13.088270382947798,49.585998368096185,-159.35721396647918,-193.92638215636993,-21.425468345241505,1.5485832041921554,-233.31055538628397,149.54163118517448,-238.07139590652682,-488.67727381638474,-181.39229804431966,-49.277453838224794,-308.35614482863605,-1.7588347626551482,-1.5876481898153476,0,0,0,0,0,0
S2,-10.287267970369884,-308.8998192086825,-389.05820722233125,-374.45888491136924,-444.98235629736985,-515.0540335980764,-318.6198168160148,-459.15961306949526,-729.5277886896106,-462.78368085578677,-860.2118608880271,-219.43720556415425,-147.02669976141092,-299.5180570249767,-162.14408565921002,-411.6053305802385,-435.1988937586606,-330.68586383552747,-9.235514101204378,-6.130402571277053,0,0,0,0,0,0
S3,-15.272151046769212,-321.3833585247221,-410.3092846890064,-397.3659477818678,-489.6996750626599,-573.4905612972145,-386.0917482139641,-531.0024840898083,-812.9071155785415,-562.0764406135645,-933.0357329600192,-316.5301005477197,-177.6936245977545,-330.5073532753244,-285.28576733425217,-426.72461104787465,-561.401660168869,-410.3337017319371,-13.952144921337784,-8.759880951207142,0,0,0,0,0,0
S4,-17.596308825930773,-330.04989119158256,-420.44013397014135,-410.9518086881092,-508.255758133747,-598.4461797485236,-436.1494614437493,-610.1823772960823,-851.5127368189734,-605.2647124997836,-991.474128051319,-388.5157285141503,-283.5043433709608,-419.6715269589406,-317.560216264396,-517.6831666405545,-609.3504243398478,-532.7183298375111,-24.35897337795567,-15.37391234739153,0,0,0,0,0,0
S5,-17.800796069189662,-336.130269943788,-428.85060315472634,-420.4354036175868,-553.9042670696749,-622.4148510719419,-447.0051725594386,-646.2348088816965,-904.780572699993,-651.242692948145,-1035.6284136699232,-482.33047682974205,-366.4308473059492,-501.39665866630787,-325.39606060411774,-470.9107540390685,-614.5581806256857,-563.6862418286617,-29.9209805155336,-20.925655010192486,0,0,0,0,0,0
S6,-17.827249404886558,-336.77318329851437,-430.12626645956647,-423.08948833405856,-558.7382431289471,-627.6816353276721,-454.79395875392026,-657.416122311397,-936.8234262613865,-671.1712636414173,-1081.3393663197185,-518.510417001627,-439.5698275411375,-525.0480507192306,-377.2444024670438,-522.228688812862,-673.1174583429347,-576.3572258138314,-33.843355686641985,-22.607551266729757,0,0,0,0,0,0
S7,-17.84841569928569,-336.85061170977093,-430.0562035327462,-423.0481069045289,-558.9926409953624,-628.3162574217149,-455.062085928172,-657.2479252920616,-935.8707916033815,-666.3936071242978,-1080.4402963455261,-555.7533686114047,-459.9159118691656,-548.9839314303734,-405.69094722860035,-545.0667050443227,-686.9682030589192,-610.400900910661,-36.3307092531906,-23.806692967811554,0,0,0,0,0,0
S8,-17.768138468380656,-336.88430991083584,-430.0987439528377,-423.03332881764175,-558.9676448259996,-628.3302498072904,-455.014313802943,-656.6956753351221,-934.4042907117132,-665.1917499219237,-1079.9469645996735,-551.2192895007413,-457.8097196502746,-537.382227572012,-401.79036599577955,-555.9653141253938,-682.9887101762893,-608.0095585938432,-35.505591227322995,-23.49200818066842,0,0,0,0,0,0
S9,-16.7276095621558,-293.5615861524399,-259.8431253359217,-190.6778359309822,-52.80945448995844,1.631375277876046,36.60752132017464,-68.70993091414857,-92.7621783227801,35.97591940189648,35.18512011705788,-193.146740138598,138.49116326178645,-221.0867811301025,-439.86044648106406,-95.21912728800874,90.26679771037927,-304.75606682977843,0.2520489714332719,-0.40489020415182664,0,0,0,0,0,0
S10,-34.63883771578441,-332.7925494618529,-410.71347692127836,-409.580494941344,-471.21958239421156,-498.72759815139034,-406.90807932849094,-416.80173671668183,-616.5886351405403,-383.58479124500724,-712.5205148395208,-174.0587665544142,-90.08784721851626,-191.54931384354956,-40.014177667860196,-191.6959623995309,-335.62366416313426,-242.98933572176475,-4.017828952428637,-3.988906553230539,0,0,0,0,0,0
S11,-43.95123460281225,-353.4299182089029,-451.6057760648646,-411.25952032161496,-544.1890421907702,-551.1371959806493,-500.66377608493974,-473.05140177419605,-624.6055010946324,-418.5042835414254,-758.4425964114176,-298.6038932807764,-142.34413031121474,-247.50059139998547,-73.96991938094556,-309.64692023713167,-437.3613881743452,-266.60796176364875,-13.533091911896555,-7.820653937456559,0,0,0,0,0,0
S12,-50.60667033754596,-385.598544590438,-453.5958764707417,-440.26796872003615,-580.8808856003136,-583.4947567866218,-525.7887568330633,-546.6890738677544,-638.3438608473986,-477.5131395099903,-798.9585449616436,-402.3876409561993,-320.89865712679,-351.03844358040794,-215.511377007644,-372.4754063887534,-507.15955898457474,-364.2346662603648,-25.406566989580213,-13.319978238425456,0,0,0,0,0,0
S13,-53.57804960281709,-401.3471058130045,-465.63830509421814,-442.73819523902745,-608.7759455388433,-587.9077089019872,-515.852972679367,-548.411232449415,-585.507991218658,-478.4517519820746,-769.4718527524111,-441.5795513150167,-363.4480543661054,-392.38716973492774,-78.86568472625832,-424.59171767489056,-449.73205394369666,-371.8925431976681,-28.356947262265123,-17.25112029823459,0,0,0,0,0,0
S14,-53.40716850723881,-403.2414852029917,-465.6523893651841,-445.4190623999774,-600.0099431914734,-589.7322570436901,-494.6867370895758,-516.857092672839,-593.8196712272647,-481.05956713661334,-805.0642834345698,-501.4511328063103,-432.4895708248713,-394.14432192606876,-5.483546236326298,-453.41479009714016,-436.04973862373606,-444.42440323242226,-29.784419083518586,-20.164260407707705,0,0,0,0,0,0
S15,-53.406349899918546,-403.5280771255405,-465.86856691063883,-448.7812951370893,-602.598458819755,-590.5435923284851,-495.36985833166545,-537.4365683069113,-595.5131144388268,-472.02142989374704,-852.4788555472886,-517.6102019986697,-422.5869986164179,-438.13121504565,-41.42591818453489,-400.4126458380286,-437.8914012820054,-360.69171213275644,-28.002059521117232,-21.382297369220282,0,0,0,0,0,0
S16,-53.37884583262886,-403.53284499569406,-465.8520850137253,-448.4874968079677,-612.6096072786461,-590.8435105408909,-495.4270381648911,-541.3780048701833,-601.250967649512,-476.0066544877555,-853.8444209355011,-517.8790456304165,-423.7367701861956,-436.8624221361044,-64.11394185427798,-417.2867526650057,-408.29805372778605,-322.89308310817955,-27.90705575118824,-21.810211558879416,0,0,0,0,0,0
S17,-39.00319132416019,-319.9285564371543,-288.1192866594033,-232.79831288594454,-100.77771842740724,-47.570160123828316,-10.31972502632695,-63.24856520978983,-118.92549100774374,6.5096015237111615,18.177496986043984,-121.3872167109269,136.2855804712222,-167.14162937218367,-341.36431650412203,-77.75313493034287,231.21956668316022,-253.07008998018966,12.497962206976299,4.013334114229222,0,0,0,0,0,0
S18,-48.08995423488205,-383.4585577462701,-473.1979411317093,-450.30592139226843,-585.825091066436,-566.1668074520803,-531.7500086077373,-518.588448310247,-712.0139567461887,-515.0864953511256,-787.4333765086776,-338.1065760466804,-217.98926390601105,-221.72880656717274,-180.3951860142181,-367.236367953736,-528.3185227208644,-453.5989140628249,-21.88974886817263,-9.922860519766179,0,0,0,0,0,0
S19,-57.99450109134213,-383.0404610276499,-521.981868358949,-485.5133995651264,-686.0606506220987,-649.2567425404231,-666.54348836036,-502.58977986341426,-709.3530866058852,-494.83926021271253,-800.1514591531063,-429.5146418179163,-326.2194016969504,-409.3933057172805,-292.49985180214645,-474.6497082218601,-621.4504205967914,-533.9893422354436,-30.269600297532897,-16.5083616693221,0,0,0,0,0,0
S20,-67.971577615015,-424.41190857590703,-575.8561777746843,-554.0289911086052,-765.5850562910214,-749.0154579592502,-785.8161931979337,-606.5807021138685,-723.0795037655114,-539.3071016963455,-842.484448454039,-575.8830851979129,-517.7865324063769,-536.9656086549801,-410.38975965766775,-627.0535716056553,-705.8661786980584,-640.6592172061867,-36.134815249537546,-20.86848392619639,0,0,0,0,0,0
S21,-71.99960273263312,-441.40916717324455,-593.6660945473916,-583.0103132012164,-815.8514179488724,-782.4883596669406,-811.354206391977,-685.9626416479641,-706.8181962052336,-600.7272527487908,-909.1993565528975,-517.9479666335691,-538.8480046659892,-493.54374417005164,-202.6308173726852,-536.6683934295064,-603.2686611176609,-502.1844509518978,-34.06443517808988,-19.940758584480513,0,0,0,0,0,0
S22,-68.73257056946336,-455.41376631723085,-624.7975058287643,-578.170281002794,-815.3487694833066,-771.1042487672169,-785.5585530095466,-685.0046834347463,-689.1668780014113,-604.3454724030441,-913.3925666795601,-549.3158359391854,-588.4118304212222,-531.3659465526515,-219.14009049656525,-488.57832085587205,-612.5207778815369,-523.2287363111361,-37.03434521585724,-24.086255315774206,0,0,0,0,0,0
S23,-67.24976551972267,-455.54156556976125,-624.0238276420555,-579.682695659093,-826.2191860029109,-779.8836467660824,-790.6562428600737,-691.4658021758431,-705.2496985689576,-595.3071161273717,-931.0720537514392,-571.540315389167,-609.7976978308636,-601.1137255332022,-241.59697266059243,-511.29531892078273,-630.2493330486021,-483.68668819378956,-36.4762606114859,-24.187951523525758,0,0,0,0,0,0
S24,-67.27268164235184,-455.5450599943358,-623.9415511781941,-579.6837299811361,-827.5148303140433,-780.4532103775222,-790.9941064654929,-691.7304613803364,-705.9113818264153,-594.4392372474967,-927.9799008580767,-576.8036577566145,-614.919006251549,-605.7507753729867,-269.2755231155175,-509.2087729988295,-613.8417591455818,-496.7152085740132,-36.961589354127746,-24.664111188443265,0,0,0,0,0,0
S25,-169.54714241488122,-393.58077969623935,-331.78788422334856,-272.46561828594326,-120.11579556105812,-111.25707684922847,77.16685324553119,-15.217418165933694,-109.05724824428198,-32.48514450388029,42.19737244209565,-115.34272823745617,246.8357229060496,-93.27007320459745,-286.9800741220958,-52.517100000171624,257.9408781488315,-288.4688502524489,18.838761282765624,6.721378935384896,0,0,0,0,0,0
S26,-293.61104642537424,-603.6586976729725,-663.3513358116137,-600.7050243777545,-727.6465739741917,-607.3174945817996,-717.0613660476538,-532.1489490488584,-835.4004730217719,-640.2777631047289,-889.4094551802735,-365.5402408883939,-243.23708437611558,-222.70629615186,-248.7847293438703,-470.5914196811785,-681.9831373070685,-607.9778245814227,-27.915077580269674,-11.919027081950464,0,0,0,0,0,0
S27,-430.93353445208163,-699.9728980559277,-849.454854703454,-708.7626367614628,-876.8389088813988,-821.5359704929615,-902.8347023956487,-694.9926772320057,-919.8326948865381,-742.224568331082,-989.5565108985531,-534.557355811896,-457.7358974829453,-397.3562400286603,-271.5863813909021,-569.4348494816542,-627.7488077214387,-666.3097050505078,-28.140839957531583,-12.770041559977944,0,0,0,0,0,0
S28,-532.1568455761978,-829.8642512384163,-965.075351852129,-823.4599985989654,-1053.4020214323414,-1002.5118570794893,-1088.0008898530696,-869.4657609556602,-983.1017315991791,-803.1165394329375,-1044.0139154207486,-654.723903729959,-595.4135196321904,-501.0550321366676,-506.22720358434225,-763.9721274660918,-894.9956288064413,-881.9076605285643,-45.67775567038357,-19.583230335167837,0,0,0,0,0,0
S29,-602.2208015285026,-937.7691411298628,-1056.867792039609,-968.1549778723966,-1155.506270513402,-1149.5940795271863,-1186.096759067131,-1067.9989861965735,-1035.7316776206771,-821.1631928371199,-1164.851800269985,-710.7508024022584,-654.0145686135199,-518.5148871195767,-442.71064814247563,-734.5985558642924,-791.6948594712396,-740.6735073177257,-45.33544809930268,-18.056440208316168,0,0,0,0,0,0
S30,-644.5627124193554,-963.7945855610235,-1121.9105620312484,-1020.2848815193404,-1219.3332760076662,-1228.0610469235905,-1208.2623725215315,-1091.200895390358,-1046.1103908757998,-858.1921544549092,-1170.2359398610165,-723.4847151217449,-718.1826150603072,-608.3351076348249,-332.1040945593543,-633.7049555716324,-940.5857618230149,-663.9237034101537,-50.66394607877434,-22.79838000127592,0,0,0,0,0,0
S31,-646.3922601489744,-968.9869042966717,-1136.1946061070078,-1049.981193948049,-1269.591398473052,-1257.770218645903,-1197.037350777041,-1144.2478403459013,-1018.2348306428653,-833.9251786261368,-1148.719724554807,-622.580171341375,-708.652734044648,-792.6805674352861,-523.2818849351518,-692.3409156497282,-945.9430920181325,-750.2032837866235,-50.893378859826925,-21.75509469857864,0,0,0,0,0,0
S32,-653.8675807689783,-969.9465554600779,-1136.1391945241598,-1052.394568115591,-1270.2974510187967,-1257.0886519316273,-1209.2136141371777,-1143.2173077195848,-1019.1551668459375,-851.3780811775513,-1147.4783896499414,-707.760144689872,-748.2339443792982,-825.9569121274116,-572.7641270808199,-703.4407254838495,-988.3601976617866,-812.0319923937966,-54.77010606120514,-24.499909546964123,0,0,0,0,0,0
S33,-4.158780742828883,-191.47982094338943,-197.37819258026556,-149.39628361986433,-221.4032121542262,-219.28141453356974,37.869693619327904,-47.12504546374241,-296.0242196308114,70.61681332794566,-8.913869659667562,-126.1426876620364,31.330970365346822,-148.39199540086145,-371.59793520267925,-68.49626274703357,116.58674210484854,-209.47150809433168,9.194827845350861,3.5303610057897274,0,0,0,0,0,0
S34,-7.239924946908616,-205.63113604801543,-214.1754007070116,-198.92552593667114,-289.26281946380163,-307.2934701134438,-218.64251924312228,-399.83784640344663,-589.3882413339409,-459.33653156440005,-609.3122675999556,-279.3832367736098,-212.08025481386005,-222.44269928892902,-103.64862920640317,-39.04182342498164,-314.02832675395234,-291.45951841860375,-15.673669556847791,-7.82461099147702,0,0,0,0,0,0
S35,-10.905126578052426,-214.56622535437077,-237.1103398020491,-219.1012821606213,-335.83969644703603,-350.2116278698804,-298.36819283494617,-457.7266727990841,-647.3272482299573,-521.8952988862977,-668.2541397736603,-330.9078946637465,-267.7026159748275,-294.90917714879663,-169.3909195002199,-129.76910308605216,-330.05251666524595,-413.94066850839994,-18.062412864293663,-9.766808043110938,0,0,0,0,0,0
S36,-12.635737259744984,-221.57558921261523,-244.5242098439171,-230.7074151084003,-357.38534743094164,-375.0867852288628,-333.1652626736199,-557.9473508854998,-671.9848437382492,-559.2675722160569,-724.6551684994893,-413.57886897726814,-373.69631844446707,-410.7867806964176,-263.6734078181506,-229.0484614329573,-400.23260582096486,-466.8872728271429,-25.506698673260388,-13.889704016465949,0,0,0,0,0,0
S37,-13.01253462365015,-225.99503758453255,-245.56785479688693,-237.71658803485707,-372.9848846027499,-392.71667662584787,-359.8544196534066,-584.6541646658299,-711.3833501195552,-599.5734099941261,-751.207165086341,-447.0358828739407,-461.02593645693713,-524.1057453551692,-134.02614036552586,-180.09632567831522,-432.0187517537439,-501.0728553517465,-29.606012065138245,-16.57899833645813,0,0,0,0,0,0
S38,-12.957589053406881,-226.63330397734515,-246.50181248609647,-240.20560298739866,-376.52089465896046,-398.48977049564917,-364.4878894656207,-600.4254048552493,-728.8812862230145,-616.034540651377,-767.9224500607012,-499.4615344163007,-520.3676547544367,-618.3290112079734,-207.73356143905363,-249.45824202646173,-415.2216142392149,-554.1783416656472,-34.65585576598884,-20.72131719952789,0,0,0,0,0,0
S39,-12.99291297258498,-226.6447264161868,-246.5262037411673,-240.29428003394713,-376.8605318157574,-397.7236337952004,-364.3867174411364,-598.9150130475603,-729.2444614534883,-616.7236197659678,-770.5643747704682,-507.2146936131272,-525.9385898418553,-627.3921797707444,-217.27348960645543,-255.70989021971968,-426.47182449052144,-561.776996459888,-34.72601658180729,-21.710465668710032,0,0,0,0,0,0
S40,-12.949017897524062,-226.64674524992435,-246.46832364138584,-240.2782510093311,-376.69472902690336,-398.13265989008426,-364.38605585624373,-598.8475004192173,-729.1623812223706,-616.9165795822033,-770.5677648168656,-508.6037119602871,-524.2966724872745,-628.5235328667956,-217.62287566633097,-253.25777224081847,-413.43922775375665,-584.059561189064,-33.79680809181473,-21.386745225218135,0,0,0,0,0,0
S41,-11.495846535625077,-200.25385970148824,-210.66945691027294,-152.62786315192932,-235.14123238273842,-254.12747605120688,42.563297235016506,14.702810674466882,-259.4923085390022,92.34985315271871,28.563608087452508,-104.09729267369715,70.13287121166023,-110.0158683515442,-314.73428612316656,-17.146740427155464,204.18827979987864,-197.42786683848036,10.580435754846462,4.498047012285759,0,0,0,0,0,0
S42,-20.74213167946376,-220.29481686637587,-235.73485726746802,-258.5345138438049,-337.62350542007533,-341.7534814218639,-285.3449348031338,-397.4586962324036,-593.554115842517,-456.27886527041994,-622.2205561125467,-338.6773427416507,-169.00216487541454,-236.67617457265777,-88.3506130345122,26.8647983014052,-231.28097599494524,-304.89709258037226,-15.171548777736188,-6.774581533992569,0,0,0,0,0,0
S43,-32.33585122500687,-232.45561068540786,-279.00982356875704,-275.5831147738159,-360.16500832041663,-390.2611414512487,-413.00750576918864,-461.43664066149626,-595.3801309020693,-446.0646647903319,-633.7885769765332,-382.71373326464885,-222.3779708133611,-254.94596020596737,-133.78154758323467,-92.15001146804181,-188.08956549333368,-330.64114691213217,-11.131160159945086,-6.471348541889109,0,0,0,0,0,0
S44,-38.66419978581392,-254.08072091945044,-281.78062482684885,-299.70995161246526,-380.0840328041239,-395.78897446378124,-387.79771546679956,-480.6196514309731,-545.3111440666047,-442.71146850717537,-618.6394625972973,-402.1561558293607,-306.7047805903993,-312.0674708959994,-193.1971631513436,-83.36503801563566,-180.44741121517393,-311.48184508102617,-10.98705720331683,-7.336795047448698,0,0,0,0,0,0
S45,-41.21090301019697,-261.7354530038285,-287.8089503018098,-294.05500423991396,-426.7002751719984,-420.21256570353404,-382.297142801729,-488.90603506966903,-544.0378609553296,-487.24289938351893,-638.5240737014497,-443.71179823688857,-387.51710101826563,-415.5586458282157,-103.15334360798367,-146.04718087885172,-219.18156113737908,-311.41659840404844,-19.190994962859477,-10.2940186426164,0,0,0,0,0,0
S46,-41.21420383596702,-267.92286351394546,-292.66306377234264,-302.5608679036984,-422.3858457665415,-403.43457933059136,-339.8394038333565,-475.02567779787876,-534.841948795215,-485.2054511154389,-641.3936213066878,-443.4456382252607,-456.4711706712252,-523.2742613670612,-28.28156501545287,-128.93133999998784,-181.66279440217804,-341.62675351310054,-20.915581822885883,-12.891829999961487,0,0,0,0,0,0
S47,-41.02460080160753,-271.85530253240466,-294.6505739091325,-302.91320657868766,-423.3286517887622,-404.6946897772985,-328.58210571987365,-468.1749164078983,-530.3860399103053,-474.3408630477006,-621.5036808755148,-435.28399075601953,-436.17420653724537,-527.2354582358387,-50.365203050549034,-95.14680080780468,-93.91129422919597,-342.7108430615906,-19.145943899148143,-12.99438812285338,0,0,0,0,0,0
S48,-41.069011999390945,-271.846233995932,-294.49879028522696,-302.8732462063499,-418.67358385497687,-404.10293271107366,-327.61704900900224,-467.4527212240127,-539.7353252174968,-475.5984157683795,-623.6998431202459,-437.38293948224083,-437.71761790046514,-530.4565293048018,-54.7794846700862,-105.1679556458227,-90.34122364208486,-357.4163887423536,-19.88463625846171,-13.586896004077477,0,0,0,0,0,0
S49,-23.8523143847984,-214.2563578907446,-219.74776738441636,-184.6092521628875,-271.47748930259485,-285.0151855003915,52.07146016470254,45.96230776751486,-211.8631422361794,54.00144105148463,-0.6775857384013761,-121.066722661884,67.39696377765725,-123.36714297374928,-286.12700810463207,13.629523079996986,386.3095290607497,-134.71585018314693,18.248338172237588,7.279516180751161,0,0,0,0,0,0
S50,-37.34369592000586,-249.4107684728648,-283.10248387292745,-320.656431093576,-426.7014055867087,-390.1863830798007,-488.905512831618,-423.1076372835752,-626.3898676427608,-469.7636613004388,-628.1339436857643,-312.9443710062727,-160.6692076397067,-80.85173870737083,-41.143774998308125,29.18837306119304,-118.0470915248808,-280.88893934705703,-3.9581895283362645,-1.6365051350816995,0,0,0,0,0,0
S51,-43.14518872522943,-258.43784086068865,-342.42078550253564,-346.18728579133284,-483.65558968796483,-468.4360052792753,-560.0054943484265,-481.87969431981423,-625.3301002600224,-493.97013346901275,-659.8951427296331,-387.56802506947884,-252.96112793358017,-184.84544329151652,-139.38753727784902,-46.580364949923236,-131.09546177625387,-294.99651930276906,-2.1416653527113194,-2.6246665609974986,0,0,0,0,0,0
S52,-52.637345933018885,-296.2585623436258,-353.4507454404672,-377.4635753426181,-528.9743666054649,-505.5393744565881,-573.2299873099827,-532.1261936164001,-613.4558978768752,-510.1141511174987,-712.576188526473,-426.99611834511677,-364.7075946630114,-290.9581258796452,-193.12662190831364,-85.3990880903348,-49.41463126052259,-337.2009917778982,1.07825611130008,-1.984165456311726,0,0,0,0,0,0
S53,-55.43634199319092,-307.29993312495264,-357.5325287203248,-401.7764641413826,-547.5519519134072,-542.2893251605192,-510.3369227501187,-567.6158137471842,-572.2337920412874,-525.8011885423359,-690.5019955581961,-424.704448825203,-352.24279502782616,-400.7109399987065,-106.25348002546264,-78.13607936206779,-52.30051869366115,-307.5328904119221,-4.429467524846853,-3.3654554575380673,0,0,0,0,0,0
S54,-52.32100370477766,-316.26836061260445,-373.18240717520587,-403.63581208689726,-553.6659071781455,-539.2391604244384,-498.0774916671429,-579.5790950957916,-572.7545895043189,-526.8022539545108,-734.0217562529166,-461.7952905101559,-378.4188384760281,-504.96199717994637,-38.56400162091855,-111.78328180544116,-77.19725413583677,-328.18477289402995,-9.224561751381977,-7.71590352590156,0,0,0,0,0,0
S55,-52.88108850179263,-315.0248663949835,-367.7299257598032,-390.7669700330061,-561.0133167238533,-545.8894301968166,-485.6083081175688,-581.1423056611949,-596.8604145144267,-503.40173152505673,-703.3723171603725,-473.7110552366586,-403.5857922917128,-515.5408319660157,-39.86530006728373,-64.47810013798528,42.730458381336156,-323.3711058667437,-9.285147404070937,-8.707834438358516,0,0,0,0,0,0
S56,-52.86462172764716,-315.00486964722916,-367.70216494718255,-390.8561400779056,-549.0181632186868,-544.786314851784,-487.0710811496712,-579.714783840699,-596.4499236550207,-501.5035577498788,-701.0035793798695,-476.96898463501645,-399.9514812383751,-514.1951607487964,-41.13136752329005,-58.87659849274662,56.899575652931134,-355.4522391407531,-9.183382974502273,-8.619923308651696,0,0,0,0,0,0
S57,-130.2310712528464,-265.46298840113195,-263.7344903350889,-245.36430777685814,-327.9969965021072,-225.7505067849772,23.408619215414816,36.688165696004305,-147.29068999306972,62.80645531413586,41.16847390827871,-61.24734306312796,117.68571586671861,-45.75224949624079,-250.8861431770839,30.270990644439166,359.3107732114671,-148.78069859433117,24.52405259755497,8.82643372286685,0,0,0,0,0,0
S58,-217.0879549931517,-368.7096386491524,-410.1878952869167,-413.9564548279444,-483.6648398424552,-426.37875222003174,-549.6629922200018,-434.61120234655846,-723.0120981365715,-552.4182248535529,-652.0437049081496,-325.29366733307353,-121.05903402470818,-76.00775282474982,-97.18631161746849,34.106984341336855,-233.73531450035313,-322.56281441078016,-0.5494600028874697,-0.015119464746713763,0,0,0,0,0,0
S59,-311.95483865845017,-461.0097764972503,-535.60517740519,-528.0225014924946,-644.8017009151491,-539.4544640501824,-679.3330480031043,-613.1328299369114,-773.9827152961576,-611.5228445200867,-735.360106506433,-462.2475135161688,-360.3618361452181,-232.54297395056335,-199.78139679552686,-138.69704935372607,-239.38208351359867,-396.23563504722983,-6.731053831432687,-2.5972433798905428,0,0,0,0,0,0
S60,-370.28819547664745,-529.454253335693,-638.0995869145706,-627.5191905692865,-750.1324967741984,-737.6149948148766,-768.3581512821308,-723.8702970509801,-806.7582504651272,-684.4414357435946,-791.8084244877708,-519.2762959364296,-463.41680728572675,-344.13199185081123,-331.1880062429049,-241.37238450840837,-291.9283706753646,-644.4146401509689,-7.717040651584295,-4.112554316664482,0,0,0,0,0,0
S61,-430.88401687284545,-605.383088155979,-718.952833857367,-684.5320558481758,-849.7972058128083,-863.5370694618807,-776.0234894141682,-735.9987052790062,-835.1461633729605,-738.9756229677733,-914.85057539108,-428.78157542799136,-424.2584790821713,-170.08577192039985,-166.1991198640669,-90.65943278486444,-218.81984325564207,-464.9364319151905,-10.816154059617222,-3.687778937480313,0,0,0,0,0,0
S62,-477.16372438924765,-659.2670642720377,-772.0086968500257,-732.792798894136,-881.7871728877202,-891.6198618662036,-750.7176531536331,-731.7755051318766,-806.8504397182456,-731.6932360528607,-882.1724116390018,-439.89360489222304,-432.96438857991507,-273.9453707572857,-145.31608871547786,-112.70750175649712,-333.06105902570414,-493.2509201645612,-22.0000400718805,-10.608339475709098,0,0,0,0,0,0
S63,-482.1623450658499,-653.1227132624422,-779.4780912077614,-746.6109645983216,-967.5479469861567,-886.7773008253961,-749.4062582859619,-729.2952067877936,-863.6876288845716,-730.7005495572607,-873.9050626776708,-458.15111716686283,-391.068932338821,-342.76590463121346,-171.17029601625777,-114.52762145436601,-350.9776464998131,-430.3579364495658,-22.682782462977833,-11.680183198019037,0,0,0,0,0,0
S64,-502.98792988276904,-654.4869971942842,-786.0247634271559,-743.1739617041053,-966.3543884590986,-902.7248356569401,-769.3900374136476,-734.7370328297816,-881.5234482037253,-748.5680037731362,-886.1938782256447,-484.3876239301581,-427.5959422101261,-369.3423959733444,-213.87234353866535,-119.65375966960501,-335.7197781217707,-521.428138797706,-26.68839214616203,-13.33217374712827,0,0,0,0,0,0
S65,-2.469634451848668,-41.78053913507762,-65.81744826451575,-69.11793387301834,-68.57726504634076,-84.56291256921489,-135.3656063086488,266.0438446954485,-159.75265184928577,25.904770701877133,-31.315548068142185,148.97313369961384,135.14716552480354,112.37863490333578,-32.91948434829007,92.11444414814719,152.2421587903713,4.129187631779274,26.15746625994264,10.263578070520957,0,0,0,0,0,0
S66,-4.568515303468635,-52.69065099964298,-84.68225575887666,-98.85752999623153,-104.4269476376698,-143.7482905292322,-182.9495388752518,-211.27577380333307,-348.3625242844646,-379.8856454113464,-317.31752533681413,-75.51164227915396,-64.10602043492197,-141.39990781148182,-6.803425859182255,23.288462534270415,-106.05151648090683,-98.9411796548989,4.3476388450951475,0.5213260306666013,0,0,0,0,0,0
S67,-6.929173985709303,-58.963106025805125,-99.7628708052396,-112.6227734750893,-138.82840865377855,-167.41488646134871,-226.0179925037802,-270.26222124291974,-384.04755369501765,-429.711655208588,-343.1682515746592,-138.06239174714284,-120.08094337454534,-194.29640856164366,-76.90706848730943,-81.06058988473563,-157.6165592478107,-208.46381867037422,-0.23044324430965268,-2.3410504382096278,0,0,0,0,0,0
S68,-8.320719310481229,-64.20673225478302,-105.01828175720718,-122.21952542762659,-152.8248020084968,-185.84207789712437,-247.7202491492534,-325.24828740926193,-409.44733546927114,-461.9298272879089,-372.13340437232125,-189.92486667876386,-184.02361249513532,-231.65699770424908,-113.04088595689964,-79.0937704832393,-124.81817768140502,-272.63896261701603,-0.8281338695423912,-3.6931654097230555,0,0,0,0,0,0
S69,-8.45117139331003,-67.1505152347871,-109.08650710940205,-131.38337619588424,-160.38918103230236,-197.6894045328752,-267.90339266609743,-361.4510639175528,-432.7889456326899,-490.0508359206741,-389.91779694409524,-233.3663243541997,-252.2579004883303,-307.5845750756576,-173.6273945733986,-143.74735344475997,-190.3595782890628,-331.160816687766,-10.239324173804354,-7.519722955605581,0,0,0,0,0,0
S70,-8.450526878667375,-67.7331725574426,-109.7079811824857,-132.84542288003243,-162.94240444238372,-201.58543273778307,-271.00430988187617,-368.63197344285845,-456.8788888624509,-502.0057987627453,-403.07543915694487,-217.28992898337296,-245.2861135778832,-340.9641756822719,-184.27368295002822,-149.80205841369454,-162.55740462774605,-304.1159691335169,-8.652689898722477,-8.746366920884267,0,0,0,0,0,0
S71,-8.725834724915005,-67.8761128758274,-109.74204189266513,-132.84753413095586,-162.98219973007733,-202.063531710988,-271.42569232213276,-369.36956162477765,-458.36296861568735,-501.6106481701712,-405.50124306723757,-216.09290663728675,-240.76860750065077,-337.5814839189495,-179.92935069403336,-147.9919301673105,-163.40709710461175,-296.1359253191596,-6.779810334342606,-8.345629508679428,0,0,0,0,0,0
S72,-8.449807064945025,-67.7420762390113,-109.66941815571518,-132.83296717442195,-163.0348720099688,-201.63524860955562,-271.23252824812914,-369.515869195336,-458.14207159280863,-500.4148996171347,-404.65391699621114,-213.1680724334055,-236.81699384286946,-336.8913388459109,-178.5153034806024,-153.02239470593992,-161.21960783595313,-296.9655235955093,-6.546814131134893,-8.464776526473507,0,0,0,0,0,0
S73,-8.110818490104366,-46.852236111697195,-74.08659994241029,-71.55585234775197,-74.31722013122143,-102.10528410456554,-142.56624662262584,256.9240680710596,-118.51968324172279,52.76037974520342,-15.890148047364328,136.01382344591696,155.94502196723514,84.01771548273106,-66.85100197932937,104.11056365304105,214.49278376928493,-24.950976128238267,22.827453968826905,9.731093595834379,0,0,0,0,0,0
S74,-16.004478621683692,-52.1876993185062,-91.14933054655027,-133.10490243967575,-113.92355297591817,-156.35183340053604,-208.30420065837086,-231.81510154561647,-279.8820872205763,-292.7694732474295,-202.78274640311267,-71.02885404783166,-45.91849529669556,-156.38238769696056,11.38456903863716,45.822703831737144,-25.07719664133301,-138.8284024819004,5.4519824359464675,1.6675307480900186,0,0,0,0,0,0
S75,-17.790545458505058,-63.788550790753185,-111.31634987311978,-169.90693217711782,-145.72792146499847,-188.32291016106862,-287.3245076728166,-279.03152350883255,-314.2378287821126,-320.6225531424742,-249.4846047970789,-208.8091524260687,-165.3860911892284,-222.98128144763575,-102.2396717259868,-47.106480547621565,-12.87088318547891,-209.8674542188732,-2.6064843918756075,-2.438149969532275,0,0,0,0,0,0
S76,-22.24502746312179,-67.34128296364418,-111.81151849766823,-172.9975444905092,-153.05402687748338,-203.44919194613365,-274.9639746641366,-307.43946398786017,-329.7597498963558,-384.37763208668053,-303.7239005808896,-181.2406186867346,-233.87737336806236,-235.74847103659025,-108.31444589022166,-53.912135354198476,17.10647412508237,-221.96294287340555,-3.120627949779964,-3.526289993212644,0,0,0,0,0,0
S77,-23.383425749897825,-70.7387073470478,-109.41871690546367,-178.25803022355478,-155.97240210542827,-233.5071207149211,-281.6570484894223,-357.0843013112688,-308.085610225902,-421.2093252244289,-261.7870514261584,-225.89948223517098,-260.10170389510455,-244.81068820424667,-89.75218856628598,-72.70448562358567,9.857007058165834,-180.76529784303474,-4.513919054700555,-4.083387240391897,0,0,0,0,0,0
S78,-25.917673899825132,-76.30284989246428,-118.15863095589395,-177.84667511335118,-196.43557231032193,-237.72424108900836,-273.381018927326,-366.91090275953184,-313.658406927809,-424.7782039035224,-277.67337307791354,-260.0433018063875,-274.4082706933044,-318.17298104877614,-44.14387617136839,-83.33434095976422,16.629210727630905,-196.58016847189774,-4.841148471326218,-5.745234518017904,0,0,0,0,0,0
S79,-24.126989087670246,-75.6214244401312,-118.10102424281243,-177.47345390000822,-196.1588334547688,-231.17396014373614,-265.410956926929,-368.8618703270628,-331.831393904638,-415.98165984676695,-274.0756867636103,-251.46670749348664,-264.24401762807645,-312.8109839796167,-87.11949908105332,-51.96846797680177,57.376424368161594,-173.87791409330868,-3.059475527135813,-5.349449392755067,0,0,0,0,0,0
S80,-23.808974709610354,-75.86777205371064,-117.52487642119158,-177.8194022323354,-206.13675036158963,-231.6259715385165,-265.01502208297103,-368.38326643784393,-332.0249857314543,-416.1020671891729,-274.47560915199267,-248.9134322664395,-263.6155387311927,-313.87883711834695,-100.84847789623109,-43.14543664955739,64.12006688177118,-170.90592817692675,-2.6422314096714583,-5.382262807875252,0,0,0,0,0,0
S81,-8.184340837231186,-43.257154071655094,-78.44581401291163,-89.19870420812082,-119.54669428415876,-128.39658533387066,-169.27677180287935,215.83103761445966,-125.97796314318455,63.25227967657732,-25.86242808437067,122.99153699995014,140.82642904727118,67.19841399725723,-52.886264885759545,103.4013119919166,282.70863911296027,3.8544745463218177,27.22087153752706,11.392232769727583,0,0,0,0,0,0
S82,-27.8024404780316,-74.2603076621986,-129.4516015603744,-179.35101541123055,-157.79547109542415,-193.81413692879778,-243.511704305722,-231.15089438389003,-312.51719417974044,-309.93449322875665,-223.85382224054507,-142.37608537986011,-68.72400972521842,-72.00411209715796,-13.021288497992778,29.481383203393108,13.336177823290107,-149.2500068164233,4.604622699945438,1.8062203268177635,0,0,0,0,0,0
S83,-35.3978990733762,-83.9931430656189,-153.16937805346242,-219.24159054074988,-208.98340924341773,-242.03408561336647,-336.50165863867,-302.71165441826486,-363.75320546900537,-396.77037468161467,-288.8342130617838,-262.45424603346913,-235.73070157770547,-145.92655838886782,-122.7842825379737,-37.665523804792045,13.976731105290519,-199.80213132565973,2.846144785850546,0.21221043080821128,0,0,0,0,0,0
S84,-35.74376956183889,-95.38362986537607,-156.64778897586817,-234.6333462268384,-261.83108444138713,-271.6921728024726,-370.17523203971245,-380.6181061452376,-376.4849289700738,-450.8886357472024,-359.3154103075982,-315.1985467641456,-303.62905326654754,-181.16211432160068,-160.6993634105187,-78.7839948682576,58.31757223343814,-232.69548673741446,4.770375912297453,-0.19219354716670378,0,0,0,0,0,0
S85,-38.213201585459935,-100.51923446789223,-159.74935633519925,-241.0579983296106,-292.65905358881474,-333.77829877511545,-369.45527585815887,-428.46099832282914,-381.4121788883478,-472.01833574869846,-345.09021114605963,-303.4271251563556,-304.2277956295161,-183.26482224584595,-106.61270228787868,-88.5454764923832,23.873401348988743,-204.5964246028733,8.09514096479802,1.9711732248996996,0,0,0,0,0,0
S86,-37.369615401347254,-114.29397092219574,-201.11726388023544,-255.32809682341508,-313.50669569944233,-344.43794300194685,-372.1287155450277,-429.39213395705076,-383.31914643405264,-470.51357855132545,-371.0796719212839,-323.83238999953613,-327.3570412618323,-284.4070380496611,-92.87246052181608,-127.16849373909244,-32.95988249838899,-186.93647817418668,2.340801948873983,-1.5095318375753057,0,0,0,0,0,0
S87,-36.60539445464228,-104.43034177728383,-195.0890905564826,-253.75093255926197,-309.1478174771911,-323.07294927318077,-314.68102902267157,-368.0703439286823,-384.8021673931994,-425.6596661416241,-317.3324388685153,-252.24126036934803,-252.25750802007065,-228.00928138791045,-84.22971700386483,-60.02124559619304,119.93395746873236,-108.01303144428154,8.617072179188723,-0.05175904878067613,0,0,0,0,0,0
S88,-36.59822128941631,-104.36794950337891,-195.08079902401977,-253.70031952105433,-318.0202198828921,-321.9391917977923,-313.45937648699794,-365.32801111923254,-382.8777540255279,-427.00817355753264,-318.96164171920117,-246.77949512083418,-249.42904126660358,-224.12940887150157,-84.61431735167935,-73.1529117601566,133.91871658147548,-105.04042194376417,8.77137579981735,-0.3480596659607181,0,0,0,0,0,0
S89,-70.20394338293445,-92.89402670658387,-118.31639780469816,-127.51976735390701,-143.1297037097874,-101.48559349017816,-207.04381896356506,180.47410272906905,-148.6498068366524,58.44662969170411,-38.362308384375154,129.5748974388884,163.58173378464258,109.49979023997791,-35.3273854225007,109.0353981922032,226.66345236955897,-29.15146961158044,23.90616454182881,9.741414493505657,0,0,0,0,0,0
S90,-142.538542364899,-172.64813149191662,-207.25041413208612,-269.51914946844056,-233.67874190041337,-175.19803206656536,-320.7954800280621,-258.8793603123545,-354.65231176917644,-359.7534166336498,-278.0080253881394,-170.61857527327984,-32.73092312796155,-65.9635538332397,-13.602470059183247,8.529079270777729,-3.315122661221359,-207.80338396828313,4.08855387403162,1.2985411818099681,0,0,0,0,0,0
S91,-202.8456597594282,-231.16456570327261,-292.8254225892535,-324.6617280329773,-311.81419440522797,-274.71750870122236,-416.7184907013466,-373.7321305324448,-440.5795430428414,-470.02091809927026,-387.94136764485995,-285.3470672209646,-185.9703899009979,-124.87073267672687,-162.29133235507652,-72.46487822562386,-105.81093857650536,-263.58378625102307,2.9521966435233082,1.7156776301703178,0,0,0,0,0,0
S92,-241.99592980926667,-286.2158038385103,-337.784717824265,-408.2077168525493,-407.6984395006429,-383.12263193529185,-494.0717504146246,-432.3228676751594,-479.9714883190065,-521.372741948384,-448.58602137305235,-310.002537835091,-195.10148584454967,-80.77634330201721,-130.37101112819371,-36.8357228570959,-69.6956322894291,-226.9476859054258,13.389431596232182,5.300338844575711,0,0,0,0,0,0
S93,-281.29100874397676,-336.7650782792932,-376.77807289737154,-442.5415271631454,-467.6397644326604,-450.0222098185116,-536.7459848520202,-497.02905184754707,-498.4267933857911,-582.0851914162981,-493.85794074019884,-355.46109752282894,-241.6529844662154,-102.76139832467379,-146.62097436438603,-116.46403152332319,-166.09970487384197,-306.8570274867151,3.4932861670622373,2.940782964210589,0,0,0,0,0,0
S94,-326.05917811395466,-379.4178768912637,-436.3764971792654,-469.56591406753034,-555.1577284330307,-523.7845105411756,-547.6466893388139,-500.1195802064649,-562.1471280224384,-576.4612104040108,-539.7611020876641,-338.8250364858711,-217.65204388195514,-204.79255053051926,-126.36066944759517,-76.09898303877571,-148.65833477374224,-232.50145503452924,6.633617842224604,3.249801811774491,0,0,0,0,0,0
S95,-324.6571779180421,-377.14675236146223,-435.5202796095914,-482.7098101077003,-598.5634582745564,-579.6490304600139,-532.9633325747399,-539.0780641649346,-647.2222337905177,-573.6415261022953,-557.2430862470812,-311.5236948193374,-227.54957184073365,-257.2651077640851,-200.80608320796057,-103.26757750467586,-143.87691427278514,-213.48672885680918,6.225422899729605,2.8013048011066966,0,0,0,0,0,0
S96,-328.8007133572955,-381.1205525713299,-439.26166385032906,-484.49898956349455,-637.2876721226426,-569.7187166922655,-530.6560127284072,-535.8511365063272,-648.7262813807862,-584.9057307471854,-550.9126736176091,-320.05784743915376,-231.0532708384345,-267.25872433532413,-226.16996751862217,-117.5582919182343,-141.9917521374643,-225.47478004869248,5.5791324797793695,2.219070278009759,0,0,0,0,0,0
S97,-0.8567894043816637,-8.931602962694685,-20.70008280226432,-21.759949924482047,-38.770958682250445,-24.773099145463995,-22.816511238181292,212.7857885717006,1.8336453667009422,160.6190863042345,100.4991299779947,94.9010578044076,36.49913797963045,29.908204902850954,-57.37493579169328,11.265485733622072,36.434897729668236,-51.28933360709809,3.488472046962343,0.6879631169254987,0,0,0,0,0,0
S98,-1.944250344324272,-14.331473591848276,-29.655337216834443,-37.43306075662689,-69.39363998906157,-46.26572543717167,-65.94769959975899,-45.50347851870118,-52.00419046651028,-66.72404448052305,-77.73964816436951,46.14598330901298,8.159302597353424,-41.524316727707955,45.189589726309265,28.28736081773986,13.462803742054774,-24.127551105489253,9.318557416597928,2.6462707983163685,0,0,0,0,0,0
S99,-3.082508304588727,-17.439406825977997,-37.7823601305618,-45.05562122733542,-80.18671846260528,-59.522382543676144,-84.18650512624026,-62.41858727559535,-75.52177484693168,-88.8502224319696,-106.13798738624247,35.78950447918494,-27.374181003423814,-48.974788299624095,35.139965924188665,33.48043842569304,-2.9287417700096796,-22.04375298500061,11.341906070327257,3.0111035833147484,0,0,0,0,0,0
S100,-3.701206248156619,-19.911894957586938,-45.691783535582346,-49.55178254607384,-87.63403807382542,-68.91079730617466,-94.76642615611564,-70.41495607395109,-89.12361037744532,-106.90684679617668,-118.59175195371208,-22.69252903611818,-76.45488239103138,-93.81915497707638,-12.944499429240253,-5.941454995575413,11.902992096765708,-62.74760651666966,6.058439691810191,0.8767836151551273,0,0,0,0,0,0
S101,-3.9994520621444707,-21.625117777454015,-46.72517505692486,-52.00209647975029,-94.10676582071353,-73.94296649393351,-100.48086084109009,-77.0212109706101,-88.14006693645294,-141.39234214590425,-136.56165186972925,-17.40593670295354,-88.9225998894334,-92.30639379144812,-15.317004266094614,-1.658676324579389,6.819392689874526,-94.03082584558042,4.555394538211521,-0.571810494665182,0,0,0,0,0,0
S102,-4.100299380342953,-21.88309689008183,-46.84721997421404,-53.282057872475086,-95.52904354571723,-75.43062613053397,-102.80320546531385,-78.90864955105314,-103.58282195206847,-138.48775239541578,-130.72788969966442,-28.458804271092042,-90.52149564623235,-101.11917653139369,-23.52154680981222,-18.786926031908457,-6.509854915040414,-102.59494228257537,4.411424394243024,-1.2823069418926936,0,0,0,0,0,0
S103,-4.076862958483362,-21.921916679308985,-46.92650012981092,-53.27554990232031,-95.53963701997858,-75.73789430216226,-102.98438238502072,-79.32965963643124,-101.5764551367555,-136.8078111488602,-128.55970403623206,-25.30653322042653,-98.52648298975097,-93.24021702198237,-24.380343983890107,-14.612438779010084,6.059120254479744,-101.23527359496265,5.241121061530629,-1.0997194234420231,0,0,0,0,0,0
S104,-4.140566866665418,-21.966407514969255,-46.97884903379013,-53.34783184542946,-94.99724405009945,-75.78808899393064,-102.60735509220531,-79.2235772868386,-101.68542490889365,-136.94946703204192,-128.8274802042393,-25.256551189056786,-98.91586366456818,-94.10148187519596,-24.79390320738606,-13.30258339849344,0.6861894219856168,-103.66968377786456,5.245850248346118,-1.2591687897419865,0,0,0,0,0,0
S105,-4.314644296418868,-10.34841050508195,-17.241046970546847,-25.986235904988497,-68.94587680358288,-27.43691243066948,-19.761415653769987,209.46938691920369,20.794060714872664,188.61004116237012,116.64939179225354,92.23527810972331,13.830706987047137,-5.589875857477722,-59.17788692053794,-0.38295461027715305,43.30819845639233,-39.20680060510762,3.2982123421190224,1.1768779359122448,0,0,0,0,0,0
S106,-3.4150601573661454,-22.95671884918371,-28.576145022426225,-41.639236801926046,-84.9754519957342,-54.200958329913895,-71.8592022540463,11.322605265886132,-36.79898395802095,-38.72255899520205,-24.27931389900717,19.370742340591107,-35.80413211083577,-53.63843993612516,20.740886616009035,6.444027140927844,73.21130570953649,-22.534932212018965,6.657447166410035,2.369810801265471,0,0,0,0,0,0
S107,-4.087510545923989,-27.4225937137047,-50.565593817277765,-50.363944877285235,-104.53535910373813,-57.098960444180946,-96.05717353626898,6.159570611502296,-44.27094560501299,-41.24989721421901,-27.87194929797021,-24.997645628643816,-49.771661937559664,-82.64693256110611,-25.678395169598467,25.087388650444353,69.28646787156012,-72.86362224164745,4.819994096573188,1.6431899519827096,0,0,0,0,0,0
S108,-5.849251217147744,-31.185709684715015,-53.13341054426202,-55.70397862577625,-114.22628029523719,-56.08336738341624,-98.29702824408227,-15.8701412574489,-49.809171760435866,-51.951869479059276,-30.36116442949055,-59.285221037651326,-84.36832036151642,-108.11603738142139,-63.1711689972656,26.535680232806946,97.23994156587335,-30.603567335284687,1.7825934162361001,0.26759778977946375,0,0,0,0,0,0
S109,-8.148156871049416,-32.790468189060505,-53.09445745825769,-58.510074751021435,-119.44400532486021,-63.79135167434935,-107.59344407605641,-11.898196757850421,-53.654321851168696,-72.0866980160464,-46.76919337764662,-25.45673796469572,-85.0525485723308,-99.04123788477025,-44.30080658643831,46.142110790650115,98.83735601892596,-16.39283870209063,3.739019501642904,0.3115684238014353,0,0,0,0,0,0
S110,-7.909001241923397,-32.7401627593411,-64.91966855754549,-65.8400955368208,-118.57305956122755,-59.35935273366422,-92.24032166205909,-14.45185587748199,-66.43982579083473,-79.16535909798483,-48.012738766416874,-17.929522386379126,-82.22310155246237,-93.00901767138737,-30.656467420659084,39.40454402778837,104.82112191974923,10.308033413657824,3.6241985111218344,-0.33171489112556457,0,0,0,0,0,0
S111,-8.25606376019028,-32.9630088510453,-62.97609729322762,-67.04210550652911,-119.51941898602226,-59.3259044001897,-82.13781804710862,-13.357312535733357,-65.7848069349667,-80.97556568002861,-46.643431471284025,-0.12335392436124692,-82.44884634081461,-82.79143848335747,-26.97200418762069,54.16810577084519,129.2147451832797,5.148828977573849,4.968214986852404,-0.02021795336770419,0,0,0,0,0,0
S112,-7.87110653203743,-32.630062909336566,-62.74685635940402,-66.86477890449893,-118.65418689380024,-58.568790637382406,-80.67887677335418,-12.074925639018907,-62.88970941587291,-79.18831748863386,-44.94645794670138,0.8070601962097967,-80.76188214504576,-81.63865818000993,-21.86889827004279,57.06072838847209,134.49045293737782,6.00531968064022,4.886371306328741,-0.11034082876429704,0,0,0,0,0,0
S113,-5.845881589239433,-22.10409768237409,-17.83654313206684,-32.99169127572776,-103.54893913308061,-1.6443852869629794,-22.5185944881634,201.38812214801848,17.01313112446101,191.52617417947314,119.14250593249864,87.10159120764604,2.9918785064353415,-23.475442550645376,-45.97538322432104,0.09055378978839457,65.70789886663331,-27.988769484348808,1.5492829439545108,0.7340880403701144,0,0,0,0,0,0
S114,-10.383241997536707,-34.392258101992425,-30.387883197308785,-57.43964757443276,-117.27748750182076,-64.02660581237197,-100.01223659752955,-0.26962450176704067,-38.54589283731258,-20.199027763160515,-28.320287925840404,-59.52830905561868,-79.41399046560971,-58.47754049785081,-14.454943234173179,-3.6085929449081178,58.747732218249915,-46.70072648947077,4.780542945410637,2.0112349326933705,0,0,0,0,0,0
S115,-7.40256204825368,-49.57468867882553,-70.79027965319807,-82.32666355508212,-139.06286426326986,-77.09703533398482,-132.96596590031484,-24.7555455880768,-67.13784418725055,-48.96930512963049,-34.103710724790126,-98.65465163779152,-98.42999125467777,-31.25864906331266,-51.02442699864085,9.663800745664197,24.86949659062354,-88.43002845078018,2.1996403201696157,0.4868677406000817,0,0,0,0,0,0
S116,-6.718436160672081,-50.52906217484443,-72.53149332431042,-96.03890828641859,-154.70274552138187,-87.91472588973991,-150.42051724317673,-85.37861883372867,-89.76762713506226,-89.20291707436778,-64.43018376411925,-161.962380307898,-142.5705439955598,-67.67607196683568,-92.22565158693018,-29.929811595624578,38.20014967149188,-97.50545685208678,-2.355811711236777,-1.6057338054172166,0,0,0,0,0,0
S117,-10.71376401939128,-55.4109122314419,-75.14202199612808,-112.54935807609456,-161.46303923618,-86.84176122949427,-156.79956925508344,-66.00594790865966,-84.17546641968876,-123.6112637693063,-87.16913465524279,-99.85515459102689,-128.46439966040623,-44.813350286540654,-31.816914438932642,22.998869252107035,55.33710007177817,-31.304020107135067,1.9550980763218817,-0.2578185579983786,0,0,0,0,0,0
S118,-11.869845117512934,-56.29435070866084,-83.58064509703667,-123.64067416275093,-163.3357370132229,-88.31616135179488,-155.33648520077304,-71.67027768009592,-91.73134029460783,-152.98564889511647,-112.29762557013868,-108.95508289482869,-140.85478050306932,-80.73497566309307,-46.125881697435034,-16.03144929526401,45.18574507410911,-16.096230182345295,0.7218252723273366,-0.9713334455306228,0,0,0,0,0,0
S119,-11.931245234897858,-56.568815247582506,-83.50421188472046,-123.90387921397573,-163.75441592536077,-95.91468739355413,-147.71599556087443,-73.90587601582243,-92.48398476538978,-152.5037904514379,-95.14036551997229,-107.38523966150204,-136.85528262184388,-90.84260775240426,-73.14175693041136,-18.101364820629406,112.18221171848964,-18.201964328710574,0.4944596911682364,-1.4080808517521206,0,0,0,0,0,0
S120,-11.94530445054587,-56.58575251926723,-83.5054557476691,-123.90684319165058,-163.494772589023,-84.26816096855472,-143.16128142012195,-67.83114784241562,-85.69510667331137,-145.40482756685068,-89.49912047646524,-97.87601245881739,-128.26340046031248,-86.08068682859304,-67.58805930174373,-15.234712600550537,110.97303125908375,-18.73512978900571,0.5656670841291955,-1.4897157181766598,0,0,0,0,0,0
S121,-17.948031999027613,-42.57727259311683,-40.80021390944211,-64.76594188306794,-117.2486918807154,-5.956153601142766,-46.98280960256085,191.07325865348557,5.239968995607747,202.88115029084253,103.54390286980042,72.92420429512435,16.45773630014702,-14.289626886234252,-31.025027187241427,-12.359933257580558,79.5793088621055,-31.13399915670101,1.6265438803861887,0.5240980293892837,0,0,0,0,0,0
S122,-66.89724018047421,-95.10828606384214,-95.78829873328587,-114.630026420524,-160.98083446853195,-45.34085743651506,-147.7566446463552,-8.750923328752158,-45.790975248645616,-33.16958567588024,-72.66280922707402,-53.9600302172909,-40.183813265704416,-41.20013424631175,4.630272767727206,-8.443331624539141,31.773153240173713,-44.23773017693389,4.1642091795264236,0.9076274244908971,0,0,0,0,0,0
S123,-90.17836392292955,-99.6620840499518,-129.5743269941707,-157.50025522804157,-200.10280439304216,-32.86142490455024,-171.2716300285191,-62.32439998830941,-56.78277164845191,-29.479486627116636,-63.00721958490829,-123.60726466670613,-90.10417949495242,-63.23164569706474,-91.77538897401493,-36.57578996002364,-37.49206084787904,-110.46573435354733,-3.347621904650877,-1.6168706053676867,0,0,0,0,0,0
S124,-112.10484141373928,-122.67997255186502,-155.24948082738098,-195.65290494516452,-229.21885103300266,-66.37033253196378,-199.07853384824836,-95.97786960884403,-72.21110898317295,-97.22285377561502,-87.08402996176545,-173.18616831911004,-151.1062106648575,-72.25887989041357,-116.02521701152656,-82.28412814690688,-18.170629989937126,-120.84414902402773,-5.774915647227985,-3.0354149304565965,0,0,0,0,0,0
S125,-139.8241682679349,-142.9717091255942,-182.3038246263855,-180.55233264363446,-251.04912073139386,-93.29239570633607,-216.78630209939877,-108.78356068993878,-106.52674073115432,-129.6567857613926,-95.19308318176468,-179.49068462843965,-161.37892921607568,-104.32023101119813,-129.28508635408775,-61.9794287769615,-51.853386157694636,-120.48307461147357,-9.885181584908587,-4.400519610416955,0,0,0,0,0,0
S126,-168.6672895371255,-163.21009050572388,-203.0865386891456,-196.42494881117312,-263.05521951198773,-127.0264667805252,-254.78119905697926,-152.5241986104806,-125.81858500759412,-166.79685847842674,-139.73506699939708,-156.6747570007534,-242.31432224787676,-183.18816752354738,-153.02455629994594,-100.28225170973037,-102.75218419517351,-136.32809992284578,-9.982402169401938,-4.511375769997169,0,0,0,0,0,0
S127,-170.05864700588552,-156.72805662114953,-208.73435780216988,-174.79841698562558,-284.9939699238542,-153.21195025970093,-265.1462830110587,-149.43456699391876,-168.90619434756184,-201.21472432160914,-157.51100287441932,-130.37595577091298,-237.86392101027064,-184.42049072554488,-167.95952281698234,-87.12245616050484,-54.7545759662027,-127.5207075230158,-6.4712665618873455,-2.0260703581216246,0,0,0,0,0,0
S128,-172.22393422660926,-160.48109111471987,-209.1643059774566,-175.8319691255452,-297.177258071633,-145.99173584528558,-262.77047777661,-146.83449809134163,-181.88986341931823,-218.3566245099957,-168.75345904427962,-103.43691198923909,-235.2733737056667,-184.58672739508853,-160.3272520091812,-80.87428333054092,-20.301940422714715,-96.0820388786816,-2.3568941361067353,-0.5109291163281267,0,0,0,0,0,0
