,S129,S1,S2,S3,S4,S5,S6,S7,S8,S9,S10,S11,S12,S13,S14,S15,S16,S17,S18,S19,S20,S21,S22,S23,S24,S25,S26,S27,S28,S29,S32,S31,S30,S128,S96,S70,S69,S68,S67,S66,S65,S64,S63,S62,S61,S60,S59,S58,S57,S56,S55,S54,S53,S52,S51,S50,S49,S48,S47,S46,S45,S44,S43,S42,S41,S40,S39,S38,S37,S36,S35,S34,S33,S127,S116,S115,S114,S113,S112,S111,S110,S109,S108,S107,S106,S105,S104,S103,S102,S101,S100,S99,S98,S97,S95,S94,S93,S92,S91,S90,S89,S88,S87,S86,S85,S84,S83,S82,S81,S80,S79,S78,S77,S76,S75,S74,S73,S72,S71,S117,S126,S125,S124,S123,S122,S121,S120,S119,S118
2020,0.0092114816325647,0.0053223866246947,0.0039564488107382,0.0073244696052724,0.0063304297133401,0.0062917293773695,0.0064845691641279,0.0074610631801201,0.0050852925402954,0.0060166895108743,0.0060069985921941,0.0068526273433941,0.0079819116239761,0.0076915879310012,0.0073678307475317,0.0051055177212001,0.0100202579339952,0.0074621118868112,0.0090768513753796,0.0079354003929844,0.0088496627038958,0.0078510362331485,0.0065351100769952,0.0063256216317174,0.0082935362776065,0.005372286623653,0.0063581789594355,0.0087469847164385,0.0037524088968328,0.0063546840052027,0.0070713661635193,0.0064310673713016,0.0062230112014598,0.0075405048988831,0.0094489156618412,0.0051055376664271,0.0093802274416268,0.0064803203682094,0.0062318371790512,0.0040863988523642,0.0055510847726337,0.0078881761870631,0.006228446107339,0.0066019707165684,0.0087674364107028,0.0092459549550119,0.0066573558449158,0.0077455891207183,0.0068082688631802,0.0073871762817193,0.0064576902215288,0.0038433666859307,0.0094793374672478,0.0075436961156187,0.0085128049915369,0.0083197291147041,0.0042919116158107,0.0063907072560892,0.0051500284809597,0.0069152944996846,0.0072939751346848,0.0053442610857048,0.0063358899558257,0.0063282688147607,0.0074712141474539,0.0064039461684485,0.0074086408862014,0.0058451527154383,0.0079978708708678,0.004949887204841,0.0044238382514758,0.0040828610223875,0.0029167288602016,0.0108541018283351,0.0134051593741603,0.0071731159024521,0.0044111710122245,0.0057947777020883,0.0072360697616311,0.0025094738950241,0.0013293508371153,0.0061415551668491,0.0065804526748704,0.0074104948128404,0.0075730767729323,0.0056931801550661,0.0049188612426519,0.0086137897264141,0.0072443166487033,0.0067379039247304,0.0100905624494383,0.0032734908630763,0.0031545936387506,0.0057051398660786,0.0056650542192016,0.005938913279852,0.0172400703153084,0.0074013583281894,0.0048394882490872,0.0068134824163168,0.0070766868779745,0.0113308817149366,0.0067081515371226,0.0093272841018602,0.0101607062966396,0.0078759022637828,0.0105072569565546,0.0088680398499317,0.0058086289552972,0.0081529962136954,0.003853414012506,0.0062651185994005,0.0065074206457205,0.0023753603693284,0.0041165781758734,0.0094768911000829,0.0059220142609087,0.0037306109840287,0.0109490810743752,0.003986661243766,0.0081967701651332,0.0110413918316622,0.0091187214976531,0.0070704648280756,0.0070690655368115,0.0078268638087688,0.005873318598124,0.0044575972918676,0.0055234494198482
2021,0.0004746200094549,0.0005641677822329,0.000497582150006,0.0005007071133669,0.000685980481439,0.0006242537002477,0.0006546048955063,0.0005758195284,0.0005248955242797,0.0006583781155096,0.0005160704331441,0.0005476530790273,0.0006306679792317,0.0006510636068252,0.0005363542588275,0.0006794584469241,0.000690289215971,0.0007066195349439,0.0005937896863635,0.0006651539686379,0.0006290994703154,0.0005845846507456,0.0005665969403385,0.0006055365069989,0.0006587109240896,0.0006070753610863,0.0005679555360532,0.000557673585952,0.0007012528161595,0.0005345804937883,0.0005443214645255,0.0003990224049601,0.0002896280002493,0.0005028868367717,0.0005950939496758,0.0004800831731112,0.0005222162279703,0.0006249174806947,0.0006527812583099,0.0005443821929421,0.0005106022870662,0.0006299988595871,0.0005873151765016,0.000618089583072,0.0006751533608498,0.0005489876035285,0.0005396831667725,0.0005762615023758,0.000540892688946,0.0004024836710727,0.0006934669585644,0.0006548011920224,0.000599212580361,0.0006566377610497,0.000435399172713,0.000747039373202,0.0007149439844267,0.0006618807765275,0.0004650551930033,0.0006138647767365,0.0005892690663763,0.0006829298104584,0.0006313048220273,0.0005184201497912,0.0005617062625552,0.0005086066851335,0.0005807595458427,0.0006707528012066,0.0006673762602069,0.0005106066746945,0.0006853144262971,0.0005618227755604,0.0006555872613198,0.0006222644596304,0.0007172037568085,0.0004581903293614,0.0006421663895144,0.0007450637803642,0.0006531387088188,0.0005829598383243,0.0004876017513865,0.0003966321087004,0.0006019463459516,0.0005184146516275,0.0006074368431613,0.0006650524231394,0.0005003173080958,0.0005522458873722,0.0005026712581229,0.0006266516575229,0.0004774845911576,0.0006569072669095,0.0006361969013041,0.0005593675130483,0.0006221277297766,0.0005719862598524,0.0005008910581057,0.0007203958432646,0.000557408192547,0.0006090687608822,0.0005441495400891,0.0006423891955916,0.000705431783306,0.0006617238496692,0.0004852866268593,0.0006801268393291,0.0006442931031687,0.0005349828524118,0.0006994858671134,0.0004983842486441,0.0005699568101506,0.0006298555891598,0.0006173372122859,0.0004971123026365,0.0006829745593285,0.0005968624353255,0.0005966699007402,0.0006519941844566,0.0005672493493916,0.0006685695659983,0.000596783885686,0.0006422005132531,0.0005502515190918,0.0006022371487024,0.0005786170292718,0.0005613642731827,0.0005219845955506,0.0005843182676045,0.0006872595157036
2022,0.0005594098791004,0.0004849138589845,0.0006745682148674,0.00051586978477,0.000527226961591,0.0004737039522767,0.000555527223849,0.0005912927256005,0.000518436714148,0.0005852656455265,0.0004745531502891,0.0006301252040862,0.0006003897847223,0.000576568846773,0.0005870159454577,0.0005239468993134,0.0005449796389611,0.0006636783703381,0.000633305797578,0.0006211480486935,0.0005805042179974,0.0006871895792939,0.0006586941174795,0.0006037094793908,0.0005190602659431,0.0005823496382364,0.0005528218974791,0.0005310031713928,0.0006065527057669,0.0006595543289652,0.0005187121863444,0.0005845070977206,0.0005712306354622,0.0006008919869609,0.0004895469382021,0.0005480103154336,0.0006269464157886,0.0005755618414589,0.0006195049479906,0.0006550433619568,0.0006388044733283,0.0006404794785141,0.000644086266282,0.0005445290819527,0.000572770327407,0.0006203364490976,0.0006375454526347,0.0006381596567593,0.0005726508978343,0.0005185064687987,0.0005866787344508,0.000633039569258,0.0006014138954165,0.000642046879673,0.0005624162667866,0.0006644945826223,0.000575353105538,0.0005496657889782,0.0005998225890597,0.0006234317553358,0.0005748423998106,0.0006591296485393,0.00063057396465,0.0005062340537342,0.0006200799493756,0.0005492566270781,0.0005938879563447,0.0005290434122062,0.0007599312675719,0.00068655623547,0.000626186526699,0.0005567134175774,0.0006402769372903,0.000507082370592,0.0006441395802034,0.0006906888031181,0.0005316855369578,0.0004935920654159,0.0006038567441969,0.000635447982999,0.0005481045939883,0.0005836890078787,0.0005693409469983,0.0006387818273174,0.0006343194235534,0.0006302452220152,0.0004873700586308,0.0005880417601649,0.0005707827857809,0.0006027549672633,0.0005684056079299,0.000469365728624,0.0005739040984051,0.0005528370209268,0.0006379454088752,0.0004827580400317,0.0007351952534485,0.0006496654738927,0.0006670784472718,0.0005637343592755,0.0005495028924851,0.0005360847428527,0.0006314653909465,0.000526996000645,0.0006105167508001,0.0005389858309419,0.0005528911253593,0.0006611905224959,0.0005268363442622,0.0006320927461868,0.0004590624885227,0.000635248403306,0.0007287768423509,0.0005717831931036,0.0006931349545222,0.000665054321625,0.0005604207835188,0.000555774050896,0.000406652157529,0.0006339212046105,0.0006145334126707,0.0006466596119373,0.0005761198482535,0.0006821821244767,0.0006118787688201,0.0005973527888817,0.0005794630057861,0.000591479202784,0.0006494066689836
2023,0.0006052808561127,0.0004693385560585,0.0002787003902953,0.0005714869659649,0.0005460941110928,0.000333583047373,0.0005310207943153,0.0004043606188994,0.0004959029534315,0.0003050972969809,0.0003496752884998,0.0005123422174198,0.0005777639632344,0.0004375166602581,0.0004589788317035,0.000599429477194,0.0005974359542939,0.0004848821279405,0.0004768981398742,0.0005358822667077,0.000587963245512,0.0005060317038041,0.0006006958609107,0.0005397890492731,0.0005291961553817,0.0006519429518424,0.0005237647788213,0.0005618390425368,0.0005555310093072,0.0004545951864495,0.0006006645904645,0.0005271876387917,0.0004244354859668,0.0005600214064882,0.0004444364703283,0.0005434215391099,0.0003278327730284,0.0047930299270785,0.0006335781286606,0.0004260150305836,0.0004481774490768,0.0005163551272948,0.0005884495247416,0.0003698631203162,0.0005296075991856,0.0004484788698716,0.0006246524764788,0.000628157354869,0.0004891464736784,0.00047244538024,0.000601246833154,0.0005422020852011,0.0005104207787053,0.0004241708379728,0.0004853190796541,0.000455449627759,0.0004510616394343,0.0006053814526938,0.0005800466831591,0.000646503271291,0.0005322519411204,0.0005775819305587,0.0003596897533842,0.000538539197801,0.0005092330858688,0.000494470462011,0.0004545362379414,0.000516302292235,0.0004252053181525,0.0005883504023012,0.0005751414644374,0.0005445867849504,0.0005359727922297,0.000501881473981,0.0006074408857431,0.0005570362437648,0.0005566607883187,0.0004825946638586,0.0004674310839563,0.0004323115655598,0.0005666619903663,0.0004661282810269,0.0005342241197605,0.0005324599070103,0.0003923802886657,0.0004182511909631,0.0031360311567697,0.0005833072920372,0.0005107693221694,0.0005549873281295,0.0004832950352894,0.0005708995632343,0.0028259849218296,0.0004249221078209,0.0005373616830579,0.0005611900490773,0.0005940380675223,0.000570610918003,0.0005434855252679,0.0005384024815673,0.0005426984216892,0.0003938830509121,0.0005147084444903,0.0005525594077825,0.0005451950912162,0.0005621330564231,0.0006142753968029,0.000604252806396,0.0002476098265858,0.0003546176262669,0.000542429614239,0.0004641710907771,0.0004563394865875,0.0004352566468328,0.0004621761477116,0.0050664153672174,0.0004243404697956,0.0004526243036851,0.0004759908628448,0.0005473536505875,0.0005456640515308,0.0004267935184695,0.0006048542426761,0.0004300100512645,0.0005678246081613,0.0004061670589575,0.0006122006420382,0.0004786390499608,0.0004658235932599
2024,0.0006250573541246,0.0006126998097744,0.0005512883884877,0.0005479500582735,0.000657624897743,0.0005008354778065,0.0006866115176848,0.0004897898239521,0.0005604542788657,0.0006744184536084,0.0004705078881551,0.0005826333408182,0.0006805634236468,0.0005842846822981,0.0006134162173744,0.000502793046647,0.0005434278025925,0.0006211487745408,0.0004790970451356,0.0005622832592712,0.0005787048339726,0.0005494455221747,0.0005602459710529,0.0004633219603073,0.0006625957277564,0.0004353266255061,0.0005363580299849,0.0006200076124674,0.0005179177969645,0.0006601572824053,0.0006153271259445,0.0005956057061012,0.0003786847544018,0.0006099991884367,0.0005017188147706,0.0005479708191594,0.000551679301011,0.0005740016202893,0.0005682449633848,0.0005157494663699,0.0006479014563385,0.0005769246343876,0.0005922305758834,0.0005237308862557,0.0004738670258966,0.000474875830438,0.0005233162814792,0.0005133783857632,0.0006057000404917,0.0004184625683399,0.0005678231437688,0.0004699706672087,0.0004975806625982,0.0004948168025231,0.0004943561849292,0.000634709785541,0.0006474276773176,0.0005824137650209,0.000642449953802,0.0005237543544621,0.0005103454879958,0.0005503000924477,0.0005085031735289,0.0005845467541566,0.0005796778734116,0.000569594851017,0.0005747462750678,0.000538594724422,0.0004710324557718,0.0005338361118561,0.0005838672926813,0.000601970276641,0.0005503491502613,0.000536238918381,0.0004704413284653,0.0003227257330239,0.0004419474137556,0.0005228759644266,0.000559307373882,0.0005606493469208,0.0005206489280181,0.0005690985884888,0.0005642303514581,0.0005851826009031,0.0004473964134367,0.0005208744829864,0.0005821625121127,0.000615840211004,0.0005399066057457,0.0005094063448031,0.000509070100049,0.0006939070603648,0.0004764620789203,0.000577637557389,0.0003362863086641,0.0004782634407406,0.000570752778144,0.000547081521626,0.0006185701223719,0.0004594620078425,0.0004813935785158,0.0005823520272916,0.0005641561200189,0.0005182740427601,0.0005242326898599,0.0006128507642696,0.0006344443180462,0.0005264269294405,0.0006542227631322,0.0006306270574977,0.0006055276551135,0.0005470219263597,0.0006511558979769,0.0006164823363894,0.000666318627824,0.0005506204294489,0.0006464513734582,0.0005196850320466,0.0004456341087433,0.0006209983203051,0.0004526888495076,0.0006493543834864,0.0005570119017147,0.0005831364419006,0.0006603872233466,0.000365245797267,0.0006020629073686,0.0005309666578156,0.0005882039708158
2025,0.0005975567909914,0.0005311304833481,0.0004443576896269,0.0005806965505306,0.000601510593951,0.0004834160753621,0.0006556722741928,0.0005344880193717,0.0006080491967676,0.0005348523260125,0.0006002814200043,0.0006426571896469,0.0005954981521572,0.0006628691380903,0.0005116359288818,0.0006459535283961,0.0011212482009998,0.0005161637602958,0.0006160097890047,0.0005320105613332,0.0006333394159876,0.0006377600059251,0.0005436164455761,0.0006602473420226,0.0006686191077669,0.000669010030311,0.0006499250985868,0.0006693554339873,0.0006096947561013,0.0005607972656892,0.0005968240281389,0.0006351819601187,0.0004776230342094,0.0006116791034911,0.0005406353204845,0.0005233745003157,0.0006127096850099,0.0005658412071247,0.0005133727058669,0.0004954380354342,0.0006252975270577,0.000647678888654,0.0006413724485051,0.0005932608009415,0.0006103118022454,0.0006104239172397,0.0005899488740714,0.000628757803167,0.0006541458274317,0.0005823518853078,0.0006768133139007,0.0006299060142725,0.0004935228139967,0.0006791794785917,0.000524334647738,0.0005602234699758,0.0006644144881882,0.0006512582764665,0.0006386165713448,0.0005362153581534,0.0005970154539396,0.0005230431244745,0.0005758564482457,0.0005617420930523,0.0005571447372185,0.000546903280953,0.0004884877261379,0.0004986909311715,0.0004866889206956,0.0005599881368092,0.0005686742819571,0.0005252984381159,0.0006686539712478,0.0004545299900273,0.0005351391898373,0.0005972973659506,0.0006054692854609,0.0005738029471216,0.0004970226322849,0.0005352935581686,0.0006169404875647,0.0006127134744301,0.0006376372086138,0.0006042548169118,0.0004844313613965,0.0005790369995163,0.0005177615292322,0.000626040563386,0.0005051015987089,0.0006954029687827,0.0006295152575897,0.0005839020492946,0.0005944260087429,0.0005703381187972,0.00052278280507,0.0005554788594164,0.0006786093903034,0.0006636542473642,0.0006127508962233,0.0005524525632114,0.0005345696411584,0.0005078603760337,0.0005087462704466,0.00046726313231,0.0006566634228374,0.0006662240033073,0.0005787215156799,0.0005784584475398,0.0007058002445531,0.000570840499815,0.0005999212302956,0.0006329100116525,0.0005467812491711,0.0005827478597829,0.0006302626987786,0.000524282334863,0.00070714212346,0.0005331772319166,0.0006012893592409,0.0005108671207945,0.0006179823241657,0.0006002386379936,0.0005593964288042,0.0005665240096478,0.0005614942936545,0.0005891342613842,0.0006149918116984,0.0006284558515589,0.0005498939998622
2026,0.0007376222307911,0.0005788769485755,0.0005831282695218,0.0006483356401863,0.0005934552885505,0.0006932575398855,0.0006758278440069,0.000574531543826,0.0006126457316878,0.000684923255211,0.0006138130636695,0.0006493023363457,0.0005720404508216,0.0006536878467245,0.0006391359046311,0.0006805439500152,0.0007256442137398,0.0006341740455865,0.000720310259766,0.0006185604371805,0.0006344752501826,0.0006494485549506,0.0006285022559165,0.0006021521441573,0.0005960392017351,0.0004503826523661,0.0006489681341238,0.0005643221819565,0.0006085234878288,0.0006244746758484,0.0006401515105715,0.0006010037735254,0.0005203963835338,0.0006216913117458,0.0006632268984158,0.000680020390088,0.000667105443801,0.0006830409843152,0.0005112842530212,0.00053044743436,0.0006063132942197,0.0006917851006104,0.0006952081889353,0.0005614382605064,0.0006874359393411,0.0007019338271632,0.0006195494054667,0.0006418339565769,0.0005783397092409,0.0006432831515992,0.000571942820685,0.000931883931009,0.0009006064333983,0.0006102963458215,0.0006585801707889,0.0006088613289663,0.0005456949076199,0.0005710242951192,0.0006322376638306,0.0005689886135858,0.0026399357542193,0.0052717526727587,0.0049613872192874,0.0004006182594798,0.0005831931312171,0.0006074117970025,0.0006066613635196,0.0005856184112229,0.0006360843427806,0.0006111902782144,0.0006428098893602,0.0006418609635447,0.0007219524173115,0.0007053317353347,0.0005494785317874,0.0006503006905384,0.0006412277500706,0.000578539612058,0.0004547964924597,0.0006736848648533,0.0005915522763843,0.0005527759561992,0.0006283982334814,0.0005701695821316,0.0006554736113964,0.0005944582302249,0.0005552786069214,0.0005706998206913,0.0006781695218731,0.0006941105845756,0.0006198888298781,0.0006049747384025,0.0006192695469854,0.0006241700485389,0.0006383268426926,0.0006254137577043,0.0005545205943648,0.0004568831127821,0.0006077184064779,0.000575088573242,0.0005448850152986,0.0006798176606211,0.0005902296045429,0.0005370802353122,0.000644019788438,0.0006119026546625,0.0006218194080655,0.0006686780602773,0.0006250888170565,0.0007105643880278,0.0005730450885399,0.0006184645679096,0.0006084017587777,0.0006216679465462,0.0006003758964603,0.0007615300753814,0.0006411108408671,0.0006006915737167,0.0006089646427809,0.0005764215120492,0.0006624625800109,0.0006344005075297,0.0006210137714401,0.0005639481955088,0.0006800602141386,0.0006810972636727,0.0005616077066548,0.0006507893710889,0.0006750148636583
2027,0.0007449955482013,0.0003472632615433,0.0006014873469555,0.0006749324485001,0.0005994290991375,0.0006943711151801,0.0005482951705756,0.0006592476413366,0.0006464191689285,0.0004147081354729,0.0006653453698163,0.0014774488792061,0.0006298047497918,0.0004194732069084,0.000537627268694,0.0006179687684413,0.0006003371492688,0.0004906532107629,0.0005825608766062,0.0003540357575436,0.000392368827043,0.000487953516077,0.0006871430867621,0.0005235298844081,0.0006051419351136,0.000523004754343,0.0006053342122722,0.0006266585521358,0.000681565701827,0.0005692271409572,0.0007051981132802,0.0006475831530272,0.0004813765080644,0.0006256607643822,0.0004811086442945,0.0005958114933838,0.000661247143422,0.000613623886031,0.0005402673028145,0.0007117002534413,0.0006157498783431,0.00051712301822,0.0004669183242522,0.0004851397143408,0.0006353644007315,0.0004486419577651,0.0006479481774373,0.0007466662384116,0.0006034255012722,0.0005672695303748,0.0005764528103705,0.0005058157071879,0.0005999492947491,0.0005875169173116,0.0005522112409888,0.0012533110723685,0.000499052765084,0.0005685573004035,0.0005953342084024,0.0005285363647088,0.0006082202800798,0.0005497655904726,0.0006402766629508,0.0005613369091904,0.0006455649481867,0.0006877276383505,0.0006258903881831,0.0005714966687504,0.0005785945292632,0.0006435841982404,0.000510174080986,0.0006240569491019,0.000709886474441,0.000727651200914,0.00044571479283,0.0007834318939361,0.0004822245750288,0.0006249370193881,0.0004701001727538,0.0006191873269671,0.0006744390526306,0.0005316038851118,0.0007593065713767,0.000566055186892,0.0005864297551385,0.0006379776304337,0.0006488746136634,0.0005722930631892,0.0007923223634814,0.0004843194149896,0.0007286791456175,0.000613363198581,0.0005362197383992,0.0005907472862531,0.0004729925933762,0.0004960161864287,0.0003951054786067,0.0004334160187292,0.0006604234660301,0.0005466061253569,0.0005132513859657,0.0006219684086416,0.000648531356267,0.0006198688792767,0.0004800618689992,0.0004600261892068,0.0005262473998852,0.0007679755773971,0.0005139704458164,0.0005494862986808,0.000511836345638,0.0003786201392661,0.0003840020328306,0.0004303562908844,0.0005771715474066,0.0005170124825683,0.0005983257264735,0.0005462333562285,0.0004445093679869,0.0005002381903632,0.0005671161710717,0.0005277626013727,0.0009527521557477,0.0004233627743866,0.0006324474057616,0.0004141871053299,0.0006452649669915,0.0006429965413018,0.0005877264052299
2028,0.000639022772923,0.0005462979542356,0.0005462327629624,0.000639078532018,0.0005641772365014,0.0006063508453943,0.0006697066605995,0.000458671133234,0.0005344512039585,0.0005929876884586,0.0012069378020313,0.00045002967863,0.0005709358225467,0.0004612477769895,0.0005891614351545,0.0004543983404765,0.0005688220305284,0.0006242218486732,0.0005913316010062,0.0005033472871635,0.0006335496226399,0.000528461698843,0.0005062631773734,0.0004707516679838,0.0004930974913808,0.0009662965347495,0.0005908792740026,0.0003343651313795,0.0005227750011298,0.0003476910552067,0.0006487434338769,0.0004761322814943,0.0005950389616387,0.0004862482732093,0.0004896798014252,0.0005961827182701,0.0006557769429593,0.0006144785300672,0.0006672680719692,0.000559566959013,0.0006854357124839,0.0004965671656395,0.0005475759371359,0.0006681194070802,0.0005726079330668,0.0006371074535092,0.0006388477405879,0.0005970979751609,0.0005343268324429,0.0005938797427535,0.0006642887787114,0.0005978201233322,0.0005226108552113,0.0006179671015316,0.000570122984141,0.000665392961511,0.0006216572706722,0.0005906018663291,0.0006911781119699,0.000550406859466,0.0005502392119141,0.000571150167832,0.0005257523741802,0.0006010058755622,0.0029518740876176,0.0004986241073706,0.000785984124976,0.0005530042073259,0.0005116531972987,0.0007680100777354,0.0007049521058228,0.0006220859692443,0.0007361824751115,0.0006100489536691,0.000550788484926,0.0007666578125077,0.0007947998779325,0.0006016166305533,0.0006241955045238,0.0006210991649664,0.0005903325527631,0.0006228025558363,0.0006168328911869,0.0005225716152738,0.0006799136256007,0.0028865859286888,0.0005887223539657,0.0006117314017598,0.0006312634862633,0.000703783591558,0.0045182133091476,0.000546282004711,0.0006295734273864,0.0006462780053488,0.0006346692512986,0.0005121826653551,0.0006508694975331,0.000631002159859,0.0007061459872223,0.0005432864464991,0.0005230010586891,0.000621752043069,0.0006120364410724,0.0005004420622617,0.0032780304047879,0.0005825110084821,0.0006741482830466,0.0006305368471259,0.0004421598872092,0.0006369630866766,0.0004939999125605,0.0006539135459654,0.000644594991733,0.0006984575016403,0.0006006729281405,0.0005163448366458,0.0005496358951125,0.0006067369492297,0.0005385473972728,0.0005508033477106,0.00048493782471,0.0005087440219602,0.0005839762532187,0.0007145989662309,0.0005672112139435,0.000698136265578,0.0006295743191909,0.0006400452041822,0.0007211030195038
2029,0.0005395087239076,0.000656711644143,0.0006253123624679,0.0006543895485471,0.0006866761932309,0.0006973147028504,0.0007557156113146,0.0005553139063673,0.000655941194534,0.0007237668879257,0.0006367274022521,0.0005752896109322,0.0007086124302392,0.0006506981701812,0.00063457941701,0.0006303418005733,0.0007528666759277,0.0006625386982585,0.0006617589652507,0.0006901367071925,0.0007195750227998,0.0006335186434264,0.0005949053963545,0.0007636311115826,0.0006789993058304,0.0004883449986669,0.0005397627952429,0.0006979847823849,0.0006404566656915,0.0005668148396778,0.000643235973856,0.0008341123307322,0.0005352749942719,0.0006103387386448,0.0006309686410398,0.0006575902882986,0.0006976359361622,0.0006132839264776,0.0006247506253892,0.0006684922597442,0.0006244505366983,0.0005842495849164,0.0006531827213921,0.0006002956326961,0.0005280674774185,0.0006374535764374,0.0006831834472516,0.0006790876936937,0.0010366641599001,0.0004573520288827,0.0006224518999012,0.0005242738804543,0.0007050375224231,0.0006456422650585,0.0006904589472572,0.0006268454990521,0.0005767011260295,0.0005142416277091,0.00061786877378,0.0005145048401674,0.0006493793044654,0.000634195216347,0.000545384811142,0.0005986851508893,0.000664420803988,0.0005774959264974,0.000636172934042,0.0005719108243922,0.0006320072717959,0.0006461966475107,0.0006328724007898,0.0006036303442181,0.0007212448044377,0.0006613794732444,0.0005790995936032,0.0006633034729653,0.0006581157157044,0.0006083327139992,0.0007015754031012,0.0006079484212743,0.0005927862247867,0.0005785096284819,0.0006303442816346,0.0006403814556026,0.0004433619706017,0.0009387046190952,0.00046668645228,0.0005313465484613,0.0005337510811953,0.0005222889282137,0.0005421604950587,0.0005875480173165,0.0003752826665691,0.0005966289971072,0.000688654441078,0.0005906246074666,0.0005869606305499,0.0006538871654183,0.0005745246490685,0.0005026080877158,0.0005581390046101,0.0006260287090826,0.0006880363995808,0.0006732100936907,0.0005223816489698,0.0006106665859571,0.0006611435961029,0.0006402830020606,0.0007249367319033,0.0005997799343015,0.0006224687429081,0.0006659185701738,0.0006201515463963,0.0005300039580968,0.0006775473129981,0.0005951587101206,0.0006442411755134,0.0005763344023071,0.0005479123559028,0.0005404795005019,0.0006892152368145,0.0006173729028722,0.0004135006269643,0.0006523510301461,0.0003996374668046,0.0006832472771859,0.000644237549109,0.0006976087487046,0.0007496092864222
2030,0.0006673646523489,0.0005460557050511,0.0005728957861639,0.0006358752646143,0.0006445684160735,0.0005101020551541,0.0005262661004689,0.000518775095484,0.0004674612045386,0.0006576337225475,0.0005839758146882,0.0006519908300253,0.0005675759483098,0.0006331100106562,0.0006148389171276,0.0005872632165894,0.0005439002695307,0.0005317339256489,0.0005131919047863,0.000632424710936,0.0006037504140102,0.0006881522287178,0.0006750784879263,0.0005462955997087,0.0006548636492906,0.000608449775645,0.0006296682342452,0.0006188530229453,0.0006678555312992,0.0006334392496169,0.0006339370387483,0.0006918362878384,0.0006169334201316,0.0006327460453422,0.0006980556020332,0.0006068869946653,0.0006549309494178,0.0006151448505391,0.0006972241114979,0.0006751796243542,0.0006907009435964,0.0005966393588693,0.0007885583993721,0.0005765217330794,0.0007961848559798,0.0005955289846944,0.0006957647312232,0.0005787848964261,0.0005623981857929,0.0007356189068803,0.0005247054748334,0.0005966994313114,0.0006011407660866,0.0005582218333142,0.0006210797099577,0.0005822288150978,0.0005794626379407,0.0006812124133041,0.0005315053805468,0.0005087879505725,0.0005531563815422,0.0005720385197001,0.000570967669256,0.0005656887306266,0.0006416113937302,0.0005712255989531,0.0005552916780775,0.0005161351482078,0.0005819702510149,0.0006320804548461,0.0005730430086555,0.0005654970962588,0.0006017117858966,0.0006560268995943,0.0005697889770917,0.0006288403205121,0.0006801143517936,0.0005896492102678,0.0004935683614573,0.0006451922278059,0.00066540915519,0.000698481850711,0.0006206870329692,0.0006201655118523,0.0006223034378212,0.0006983751038453,0.0005409550708428,0.0006671278295041,0.0006609864213041,0.0006687359289139,0.0006209931069193,0.000648859864834,0.0005852280551306,0.0006729740618127,0.0005408470468063,0.0006163679030484,0.000694075963828,0.0006825239564503,0.0006772218882557,0.0006093108282952,0.0005904564238718,0.000536785220222,0.0006009312699276,0.0006425499558511,0.0006801217437864,0.0006424245489363,0.0006346420672248,0.000620066009341,0.0006252539519275,0.0006351746894757,0.0005718818043607,0.0006176741738111,0.000690723684617,0.0006797975955822,0.000606284948697,0.0006731407790984,0.0007612754865626,0.0007374552279739,0.0005626351747187,0.0005464757179409,0.0006246542325527,0.0006189686065451,0.0005398023198107,0.0006838184234635,0.0006117878348788,0.0005792711728301,0.00061635320246,0.0006884055769437,0.0006778933298817
2031,0.0007964109901787,0.000596402907426,0.0006879319777014,0.00070204535694,0.0005450227848766,0.0006846031370274,0.0012135431369964,0.0006315386573604,0.0013250339721458,0.0007169385409664,0.000663710733053,0.0006510278792575,0.0006965741776749,0.0007027294398698,0.0005893538267465,0.0007519976871755,0.0006231200620816,0.000683354607974,0.0005810990355079,0.0006821391843939,0.0006715715319167,0.000761713323188,0.0007409333341676,0.0007958541954591,0.0010274784651507,0.000621503555008,0.0006764113014406,0.0005877666124565,0.0006466515870918,0.0007879091891655,0.0004402800161051,0.0007193643430377,0.0005012843023725,0.0006858701420435,0.0007848592234083,0.0006680823301599,0.0006122209359687,0.0006618962795994,0.0007445499423965,0.000651833911487,0.0006442267517642,0.0005953417457829,0.000559041498271,0.0006995408479873,0.0006463624654575,0.0006816875865836,0.000720231337407,0.0006510372627588,0.0007267920110569,0.0006723986501437,0.0006355769922912,0.0006591991444818,0.0006657599819397,0.0006759421691411,0.0006333596765856,0.0005928138367842,0.0007641458177378,0.0006211798414885,0.0007319260195724,0.0005785548878125,0.0005447147740846,0.0006006896997226,0.0005588817421446,0.000701158975673,0.0007714788391735,0.000612550425291,0.0006795677818293,0.0009978926697302,0.0006690150795508,0.0006937402506347,0.0007445294721821,0.0007339169822656,0.0005874020807987,0.0007201870807385,0.0005741651889798,0.000665536589528,0.0006869153541993,0.0006368651097372,0.000548721032291,0.0006616255050222,0.0005979282272084,0.0006902015460473,0.0006634266581185,0.0005823318349565,0.0007165528141222,0.000743812681477,0.0006001856318061,0.0006235857034405,0.0006581662119636,0.0006630710726056,0.0007291117605022,0.0006375906431658,0.0006727101557288,0.0007200486793815,0.0007302246910308,0.0006259625852265,0.000610736492419,0.0006253688338593,0.0006727099575638,0.0005494725404518,0.0006166424301707,0.0006128809692956,0.0006479081277768,0.0006786872935713,0.0006254921930337,0.0006713017024233,0.0006760711057917,0.0008472938285656,0.000694967982916,0.0006732035741558,0.0006074826118588,0.0007232315236557,0.0007376513933532,0.0007115708856198,0.0007208529372067,0.0008784629548947,0.0007098639465616,0.0006502915192865,0.0006083106158394,0.0005828053160383,0.000709126783218,0.0005584851241223,0.0006952488229551,0.0006680636508573,0.0007065275352694,0.0006859351564816,0.0006381919521625,0.0006930053525218,0.0005324068069154
2032,0.0007152898935604,0.0005875188281408,0.0005499261228203,0.0035509295936114,0.0005251012525125,0.0005344472025762,0.0005189336586985,0.00054853422282,0.0005201217172326,0.0006102550283519,0.0005794038681688,0.0006215532752673,0.0006341739843713,0.0006812802730349,0.0004873935632395,0.0006665472465813,0.000690588239555,0.0006093773666468,0.0006380811269284,0.000618765468639,0.0006313654019899,0.0005938398816692,0.0005745807215867,0.000702380544152,0.000648354081991,0.0005016223134625,0.0006238622323316,0.0006364877139583,0.0006632450686633,0.0006135368362491,0.0005311820052379,0.0005632020302397,0.0004534532830541,0.0006154943691339,0.0006380146260975,0.0006576434347667,0.0006228792230232,0.0005920205876296,0.0052772913895349,0.0006175320445104,0.0006501850092096,0.0006340947100922,0.0006068169677545,0.0005963496055064,0.0005438725512229,0.0005914664049392,0.0006429437715784,0.0005910485420934,0.0006803434835439,0.0006700481109969,0.0006116448276254,0.0006116924580557,0.0006068685394633,0.0006447899597032,0.0006200807245726,0.0006089779606276,0.0005479740103582,0.0006630549609995,0.0005445124982276,0.0005484523420533,0.0005192213637227,0.0006311018345016,0.0005643093019877,0.0006428804028058,0.0005376896137212,0.0006045376580037,0.0005462957908973,0.0004972520335088,0.0005714247574986,0.0005782953648582,0.0006368657863939,0.0006951925351151,0.0028888764157087,0.0006728293214368,0.0004906323415343,0.0006295344188788,0.0006210598456955,0.000461480084097,0.0005522113556297,0.0006524088838775,0.0005510333404492,0.0006407227734539,0.0006129976820939,0.0005246878501732,0.0005287624295724,0.0005550656376362,0.0006319242531894,0.0007045575604386,0.0005186703589918,0.0006413021669491,0.0006399299228653,0.0005653457715019,0.0005749362088484,0.0005301607221402,0.0005556333037962,0.0005970136017885,0.0005807120491334,0.0006903034696471,0.0005921112526398,0.0004899156762143,0.0006287313680701,0.0005603804458221,0.0006042542096486,0.0006304630790356,0.000547571122956,0.0005214807651098,0.0048505591225012,0.0006278313487299,0.0005978493502962,0.0006299436211757,0.0004915142061959,0.0005925008228041,0.0006046757855641,0.0006037627102635,0.0005879681070346,0.0013114415261498,0.0005244819192474,0.0005663084463305,0.0005464401612963,0.0004240058952142,0.0006234686949935,0.0006609894392285,0.0005574492962383,0.0006606440127738,0.0006771684651144,0.0006329946634226,0.0006212332779227,0.0005510985692645,0.0005709310538147
2033,0.0005769146243477,0.0006751890758945,0.0005663307941694,0.0056961743802763,0.0056956189610668,0.0006010452199776,0.0006241562938195,0.0005887833739298,0.0053234017975283,0.0005381857558438,0.0010481746573058,0.0006136702496056,0.0005792486292455,0.0005351522965893,0.0006103274136179,0.0006310782390141,0.0006505467480887,0.0006635472238293,0.0005536812049521,0.0006395005196983,0.0006639146416619,0.0006522925326667,0.0006522197336117,0.0006615582054249,0.0006571130135493,0.0006225339750773,0.0006466069664743,0.000675292254135,0.0006350057797248,0.0006440699602808,0.0006271792851467,0.0006321256727883,0.0004892057543166,0.0006885955955168,0.0006588436989014,0.0005875897588385,0.0006634017190226,0.0055077616448602,0.0052987880756474,0.0057766881317236,0.0005781894354017,0.004308660416858,0.000652270872232,0.0006078453946146,0.0006280181994485,0.0006401879550953,0.0006142344265114,0.0007437920330638,0.0006652543001572,0.0006598757684529,0.0006835003224014,0.0006636693268886,0.0005955378001572,0.0006605480116206,0.0006565085280763,0.0013900907491734,0.0006312450494052,0.0054705921964898,0.0006248590763637,0.000578290838622,0.0033645673112843,0.0006193818665703,0.0005781946387147,0.0006175673711111,0.0006587598830178,0.0005575713896311,0.0006533010445705,0.0006402961412539,0.0007205958214422,0.0006368703941232,0.0005483397271269,0.0005805558853882,0.000630156745153,0.0006189145346229,0.0028847999401797,0.0005660291036559,0.0006107886947313,0.0041117579516587,0.0016243522432987,0.0006501553036812,0.0015912773068384,0.0010923616020614,0.0018000209645325,0.0050385863224602,0.0058080874709058,0.0006274761599358,0.0005921766519197,0.0006049913918649,0.0018496525409503,0.0005307649950173,0.0005999171634919,0.0006047517901908,0.0005219352949907,0.0025114156776447,0.0005878263814278,0.0005561549658431,0.0048838838752905,0.0006541059896577,0.0007073020717985,0.000585831765681,0.0005402600255719,0.0005914967314693,0.0006612143414746,0.0006500225760878,0.0006363438148828,0.0006482645267171,0.000594524926961,0.0006581646343899,0.0006117823253717,0.0005174135913595,0.0005784645883849,0.0050683607845697,0.0049803319900302,0.0006538553747124,0.0005737844492968,0.000548243690767,0.0006372013877373,0.0053139376528861,0.0005788583475667,0.0005541953636404,0.000633496260292,0.0006032134836692,0.0006579444795181,0.0005682379449811,0.0058158853516541,0.0006643122585449,0.0006173997550307,0.0006083029623735,0.0005526024453565
2034,0.000546358995114,0.0006629810213026,0.0005433226101953,0.0007125615160183,0.000670623986205,0.0005639854782429,0.0006001848348205,0.0005977063580704,0.0006165884199117,0.0006422674429806,0.0005641585449471,0.0006450598468468,0.0044464497618613,0.0006483553029891,0.0005734686638969,0.0030538135204241,0.0036813399199683,0.0006481325060884,0.0006199742026513,0.0050549464525242,0.0028511589625156,0.0023540750902061,0.0038048058937619,0.0042614730880068,0.005413267932732,0.0005661641714902,0.0021266925573518,0.0055656102584804,0.0021031915090488,0.0005769731691819,0.0005926929520625,0.0057133399252343,0.0012716078096402,0.0005801572128387,0.0016685879738813,0.0006525883263237,0.0005166774225697,0.0005150024486193,0.0005914710392612,0.000617183102026,0.0006471784417682,0.0057369911732691,0.0006733401788622,0.0028674407795356,0.0051722962922634,0.0005666822758269,0.001872684480106,0.0059437435971227,0.0006002955091323,0.0054388890432282,0.0005544484099894,0.005605876410254,0.0027945237400023,0.0047358009906937,0.0006104193828732,0.0006126596154037,0.0006570121761678,0.0005043055667118,0.0005940321913638,0.0005869046217868,0.0020295304097218,0.0005658373536547,0.0005577252888236,0.0006679734428719,0.0006873249072148,0.0006159556627622,0.0006376620493096,0.0006456068517295,0.0005706686335177,0.0006523096199408,0.0005736355490079,0.0006031334065841,0.000647794659751,0.0006047921435122,0.0004328915992008,0.0006516790526195,0.0005686548175871,0.0005524112469947,0.0005709933327633,0.00065403353206,0.0005860823782725,0.0006768078250423,0.000553131169157,0.0006021409615274,0.0006623306629607,0.0006443175628488,0.0006255951805892,0.0006425895509076,0.0005987479656987,0.0006160534341166,0.0006713248666541,0.0007345142730332,0.0005903526585518,0.0007017071798458,0.0055297530751627,0.000514946653331,0.0005973014684336,0.0047019574715568,0.0006097204220033,0.0005803458157001,0.0006397183607723,0.0005453028900087,0.0006306225787169,0.0006338132027347,0.0006399711697155,0.0005288558964268,0.0006167538991081,0.0006046971894249,0.0006522367006499,0.0005988803363007,0.0005998554385071,0.0005984443823391,0.0006589717439065,0.0006114399079354,0.0005473500229146,0.0006877966097566,0.0006295975858187,0.0006184001221746,0.0005490312612406,0.000600034758712,0.0005072954881266,0.0005860886864803,0.0005200905493675,0.000579882722578,0.0005496938678722,0.0005833296039867,0.0006587385197194,0.0007002801725432,0.0006405881053386
2035,0.0006318170175657,0.0005818472539428,0.0006129378360405,0.0006721389676064,0.0006852766890752,0.0006607326194039,0.0006175031925062,0.0005605253998235,0.000674592764578,0.0007053342687241,0.0006947288426954,0.0006047507453721,0.0006590369617714,0.0005956372616046,0.0005253574953012,0.0005595776338867,0.0006349161576485,0.0006685910025682,0.0006272248996889,0.000649517348062,0.0005737547569933,0.0006002158656548,0.0005796969950346,0.0005942859947073,0.0006121620372921,0.0005956587223082,0.000697439213641,0.0006054297438678,0.0006905405887072,0.0007126895358528,0.000686383232597,0.0006417096646594,0.0004974177507158,0.0005467654508278,0.0005402616580306,0.0005301895558233,0.0005905873664019,0.0005708958234125,0.0005994655675721,0.0005842395728184,0.000621636227615,0.0005653215227183,0.0005834264449074,0.0005948715455075,0.0006026137620807,0.0005212180303909,0.0006343603533426,0.0006672447136323,0.0007081005479166,0.0005792718879544,0.0005972727651146,0.0005689151550492,0.0005589675797355,0.0006358514909152,0.0005714349715001,0.0006473207564537,0.000685630110796,0.000561736339249,0.0005732974872156,0.0005544276439701,0.000531250532853,0.0006997944891312,0.0005844328079225,0.0005716165216652,0.0006858464964496,0.0006764534637002,0.0005892183534593,0.0006700559693767,0.0006648885799611,0.0006612724922912,0.0006749007199328,0.0006693857992097,0.0006431961607456,0.0006355461326303,0.0004542721664841,0.0005584135819864,0.0004981417976296,0.0005675248203226,0.0005083005715707,0.0005764356746578,0.0006434658706768,0.0006164933485225,0.000533861530832,0.0005178035349648,0.0005894707811741,0.0006375106759565,0.000493850464423,0.0005819804838186,0.0006674140643596,0.000563757611154,0.000542248560158,0.0005711648943505,0.0005653713828919,0.0006336600397224,0.0005459652986348,0.0005390149172089,0.0005187402542584,0.0005474819333636,0.0005713137371913,0.000564071307415,0.0006543981239181,0.0004991690907991,0.0005631804635104,0.0005967987810327,0.0005721033928715,0.0006385684246863,0.0005886797810991,0.0006450546558606,0.0005853393607539,0.0006645277834847,0.0005370657913511,0.0006004632479709,0.0005606792421022,0.0005352160047206,0.0007021621137347,0.0007230675003188,0.0006454773895841,0.0005999777715956,0.0005910045473589,0.0005850689192914,0.0006845808870408,0.0005619712182843,0.0006853578451178,0.0006007127239595,0.000659827460544,0.0006373741313632,0.0006269130219263,0.0006231487732202,0.0006501173879346
2036,0.000765611595512,0.0006874043406338,0.0006326674362884,0.0006921150201093,0.0006970362709898,0.0006557750348656,0.0006803038811311,0.0004612463138607,0.0006083612888237,0.0006596598763695,0.001736443456033,0.0006837686260352,0.0007322151654352,0.0006774353912151,0.0006445708560865,0.000596277870487,0.0005661535580987,0.0006580130075056,0.0005471984294456,0.0006653934455985,0.0007074813687946,0.000716051120327,0.0006107286325952,0.000745911892798,0.0006304754314186,0.0005476797281398,0.0005790019968765,0.0006728018984581,0.000694892129717,0.0007503320250121,0.0005199710719898,0.0006703518860475,0.0006094303138701,0.000638027752255,0.0006843595979369,0.0007073596418194,0.0006620261985296,0.0006594793052007,0.0005589101863321,0.0006430420876908,0.0007165959149644,0.0006608444614383,0.0005371605254508,0.0006451478246067,0.0005755143060742,0.0007023950301739,0.0054873252507902,0.0005949470510426,0.0007583170951219,0.0006801717583017,0.0007071270869859,0.000672263402757,0.0006862325267954,0.0006880884213932,0.0006779809441188,0.000623383104955,0.0007933926085653,0.0006219884560158,0.0006071597548767,0.0006051218015634,0.0006255900491828,0.0006796889168791,0.0005736371265669,0.0005870775699228,0.0006273627524389,0.0006451773964351,0.000603678437804,0.0006296577270745,0.0006076350306544,0.0005285465727904,0.000657164755443,0.002083382780492,0.0006617712455878,0.0006878628660128,0.0006123987591764,0.0005901099284862,0.0007034731951799,0.0005621209538654,0.0006837302065137,0.0006560942606706,0.000677692082028,0.0006400469473432,0.0006880678470037,0.0006119941995674,0.0005574953049866,0.0006710403714334,0.0006744071006045,0.0006979192832885,0.0007233373377574,0.0006927670434657,0.0006727153059465,0.0006678908135388,0.000686529110747,0.0007177584314979,0.0006959727614839,0.0006068702432576,0.0006697970567276,0.0007313188930925,0.0005926058754734,0.0006546904347443,0.0005602786641854,0.0007144416523459,0.0006775652891269,0.0007132377292087,0.0007251501430485,0.0006163512714142,0.000641242071522,0.0006417031141743,0.0006827305520824,0.0007087503257295,0.0006509938751379,0.0006887842876989,0.0007039180829913,0.0007330462006063,0.000733169637061,0.0007109238300407,0.0006810561983639,0.0006434003559982,0.0005874389866405,0.0006070903697266,0.0006578767911589,0.0005987311663583,0.0006038037077235,0.0006533717349544,0.0007389354437142,0.0005646572534604,0.0005530647577701,0.0006654362788187,0.0006799725297215
2037,0.0006520808194249,0.0006147509774521,0.0005479250980041,0.0020103109855724,0.0007007501828127,0.0011816591438387,0.0016837459433771,0.0018426726713254,0.0014220948006768,0.000672785976222,0.0005358191022908,0.0027531948948723,0.0005316207844337,0.0006343437783913,0.0031363754238859,0.0012787733625542,0.0009572547637003,0.0006169301548615,0.0006143952840838,0.0056320605952955,0.0020442358986017,0.0024601360452944,0.0006552492460462,0.0005924365129235,0.0004505067588159,0.0005774595003402,0.0005633137236966,0.0006306565418139,0.0006096490490074,0.0006876682475108,0.0005824968542832,0.0006495184166973,0.000476539168501,0.0006083273018671,0.0006783630971591,0.0005129819721467,0.000645282931074,0.000583291781581,0.0035145042320396,0.0006585721121006,0.0005340637538311,0.0006450971320167,0.0005882266644194,0.0005816825032454,0.0015369990294128,0.0005676529649404,0.0044040841961837,0.0006066258679958,0.0006626020019824,0.0005847641951793,0.0006118633926402,0.0006311588570625,0.0006035905838986,0.0006564619911531,0.0006555832975127,0.0005976599962347,0.0006077076899404,0.0005396213583405,0.0004990999859287,0.0005622984930885,0.0006651863632118,0.0005932981086637,0.0015814448937605,0.0005073606444089,0.0005516782863218,0.0031264602902843,0.0005750681624615,0.0022063899967796,0.0005905813063996,0.0005147961707288,0.0005488400051446,0.0042492545141824,0.0006610164113853,0.0028787872159486,0.0005913489520002,0.0004529617532302,0.0006205653434012,0.0006264432870625,0.0004972270805529,0.0005252596781096,0.0005715015500632,0.0006294270951673,0.0007087082324469,0.0005785967579379,0.0006625576013973,0.0006726623529323,0.0004812720155761,0.0005456481223296,0.0006812270115414,0.0005379205689373,0.0006562444697222,0.0027739541946641,0.0004556743107975,0.0006619151575406,0.0005600191611985,0.0006210346605638,0.000577093331985,0.0007018297764564,0.0017794551660241,0.0005936639357687,0.0005884874912675,0.0014716309289961,0.0005474667113384,0.0009829433587264,0.0005076872021335,0.0007384863435023,0.0005673749192228,0.0006078931937977,0.0007329137260144,0.0005346671054657,0.0009742471654909,0.0006181055176002,0.000580012950316,0.0016552434680625,0.0005826860967172,0.0006781404538791,0.000623608982817,0.0005505165009429,0.0005686559192277,0.0005245122388049,0.0006299575286845,0.0004996554228606,0.0006756589775177,0.0007048217193523,0.0007005826310296,0.0005650155893338,0.0006766077687401,0.0006362400780856,0.0005240628268155
2038,0.0005668590537521,0.0006267696232011,0.0006003905352933,0.0005983919727386,0.0006022985687913,0.0004909447191437,0.0006517900797917,0.0022464764731439,0.0006089447784145,0.0007161954762188,0.0005694966011157,0.0006499270008717,0.0005848313211745,0.0006141549260898,0.0005954113955194,0.0006158482544685,0.000583652349914,0.0005936076496342,0.0006170873081229,0.0006088005013565,0.0006878071529515,0.0015581867083649,0.0005868767886804,0.0005895608829987,0.0006043089505072,0.0006870799239434,0.0006660605912909,0.0005390211591262,0.0006139434066804,0.0005845739171744,0.0006189002802488,0.0005193866717899,0.0006700301165013,0.0006123602702258,0.0005890613617234,0.0005443915323986,0.0006130356069296,0.0005684114786927,0.0005670960006407,0.0006042811515002,0.0006906620597986,0.0006295636818892,0.0005674963842444,0.0017363851356637,0.0038314156128056,0.0009015786511981,0.0005593813109711,0.000633240245242,0.0005625650734124,0.000646857499455,0.0006072209013332,0.0005593544424912,0.000557313728124,0.0004823591317745,0.0005378472968191,0.0005933640762064,0.0005871032191938,0.0006120088315819,0.0006566795055777,0.0006097208777571,0.0005065244001979,0.0006784269993698,0.0005847508361836,0.0006087672138639,0.0006281217066901,0.0006647926788099,0.0006492498405997,0.0006147000149134,0.0006871733601361,0.000516028027793,0.0005753998171539,0.0006551176847883,0.0006955640377757,0.0005726703493039,0.0005617490508144,0.0006083365789664,0.0005956357001011,0.0005190254278246,0.0004336469930115,0.0006087516002787,0.0005641935574232,0.0005565400349024,0.0025233816807972,0.000508517075949,0.000532073946204,0.0005076125481985,0.0005060681110688,0.0005751534238414,0.000611146827656,0.0005322580879494,0.0006593481781542,0.0005293016007778,0.0004212369178104,0.0007016970012537,0.0005679855875261,0.000547061283922,0.0005550628592616,0.0005210289700083,0.0006449169737471,0.0004235096604219,0.0006397995671145,0.0006955785597856,0.0020268104865673,0.0005110464714609,0.000561004978534,0.0006674974947367,0.0005670797203945,0.000607236245553,0.0006978647893567,0.0006055996276873,0.0004931004864146,0.0005579930420183,0.0005176506300904,0.000610593186253,0.0006420717980527,0.0004200394420794,0.0006345874677489,0.0005972920202435,0.0006273592991607,0.0005304832396897,0.000486221049331,0.000655352575887,0.0005734102439848,0.0005277903100451,0.0006624439559864,0.0006341523858965,0.0004847421459196,0.0005565600138541,0.0004702733398377
2039,0.0007397326906335,0.0006823027651987,0.0006176978222909,0.0006929890743902,0.0006774101021086,0.0006572670604464,0.0006528588469439,0.0005548420196699,0.0006931900521745,0.0006349693309386,0.0006361136606285,0.0007030992031478,0.0007001036534835,0.0006469485956745,0.0006373853264118,0.0006534762937104,0.0006328562015282,0.0005484653932861,0.0006247181335958,0.0006362286274579,0.0006693342852931,0.000617512013992,0.0007208722170073,0.0006578922723369,0.0007119610870387,0.0005725492939793,0.0005599589021315,0.0006587771652975,0.0006164090314845,0.0006716095363541,0.0006640483783019,0.0007017076543696,0.0005700589038438,0.0007602118016867,0.000577820307862,0.0005332663136785,0.000609827358502,0.0006569593746671,0.0006070363124769,0.0005295456263568,0.0006544273044022,0.0005974535079438,0.0006497002916012,0.0008860450676278,0.0005851645822467,0.0005778404626216,0.0005101945627003,0.0005256170590094,0.0007095292736609,0.0006614180778339,0.0007200062691693,0.0005800975594773,0.0006159543935098,0.000664727724963,0.000620517525871,0.0005717730503625,0.0006591189035497,0.0006837674889617,0.0006505644208239,0.0006668618600827,0.0005709646251512,0.0005411165555867,0.0006048299888891,0.0006651497126979,0.0006148778762031,0.0007546299229042,0.0006309647058634,0.0007573640382522,0.0007583297214146,0.0006817381653759,0.0006143254985821,0.0005886896487645,0.00067115598615,0.000673646680782,0.0005530735334521,0.0006657660024582,0.0006332612755622,0.0006757685807835,0.0006567988393342,0.0006294044750616,0.0006966820234778,0.0007140317157799,0.0006290793043637,0.0005828267054229,0.0006885599385822,0.0006876251057811,0.0005747517385363,0.0007146246790178,0.0005738269493251,0.0006302012684112,0.0005297437826442,0.0006030521464693,0.0005878603917049,0.0006194772262572,0.000657869329518,0.0005532323423732,0.0005558463487929,0.0005990008211761,0.0006695346157283,0.0006375099592593,0.0005580845763319,0.0006158024572164,0.0005667694656188,0.0006175971449806,0.0006140034095446,0.0005915891944183,0.000649299491438,0.0006071694912196,0.0006318167015856,0.0005414722946405,0.0005546810880358,0.0006922932745682,0.0005236216301366,0.0005549635169651,0.0007094734913762,0.0007466776259044,0.0006501204218434,0.0005275025999804,0.000599273895834,0.0006324224518532,0.0006605141362055,0.0005655373534815,0.0006011616176688,0.0006232980207185,0.0006608966143932,0.0005857575162247,0.0006341326548854,0.0006922697740563,0.0006209806062316
2040,0.0051839430677991,0.0006504844801512,0.0006130942867373,0.0006086964682542,0.0006946027503466,0.000681730561071,0.0007896278606418,0.0005714887505688,0.0005994678772214,0.0005676096353983,0.0005600343746749,0.0006968330119575,0.0006388532133639,0.0007768515143732,0.0006267175212498,0.0007386905047484,0.000738879165896,0.0006225090316957,0.0006648260299279,0.0006463093533966,0.0007389580768803,0.0006690755962284,0.0007070838473118,0.0006041365716636,0.0007215305639713,0.000628859467943,0.0007503489675315,0.000639966376487,0.0005988157729426,0.0007110535767426,0.0006076551818885,0.0007829535146069,0.000540334549388,0.0006470043925142,0.000679298997653,0.0006394209349401,0.0006642849880785,0.0006764455395402,0.0006680942291986,0.0006314741650471,0.0005074582285249,0.0005565317889885,0.0006731138985119,0.0006238986230049,0.0006407792371033,0.0015612073742394,0.0006623293843807,0.0006512317057811,0.0007290506866127,0.0006254361775288,0.0007967359698514,0.00067387593773,0.0007239650793196,0.000678932060502,0.0007291461938284,0.00062735916174,0.000637462227121,0.0007320709728096,0.0006955698639938,0.0005722710262459,0.0006554072086031,0.0006900806522509,0.0005666790826921,0.0006657411666823,0.0005571754974285,0.0006259088073283,0.0005772251189474,0.0006021189759618,0.0007410269916284,0.0007542230961128,0.0006246627846195,0.000633415533616,0.0006480216314331,0.0006539661112771,0.0006245240123236,0.0005504010481652,0.0029765098201348,0.0006573211396029,0.0006440516599874,0.0005111413942946,0.000591609130071,0.0005371040251962,0.0005259384061071,0.0004794816758015,0.0017479648832871,0.0019813411510308,0.0045941804750802,0.0005185147525811,0.0006194150792203,0.0005711146430494,0.0043719701459704,0.0006453566024522,0.0007581573053489,0.0038637012221681,0.0006282719847486,0.0005453810912589,0.000675634217017,0.0005615433903671,0.000690280630702,0.0005617272445942,0.000907989631195,0.0007840863684858,0.0006565333491644,0.000767493513845,0.0007208029819649,0.000593385763878,0.0005417311977622,0.0006468253472764,0.0005114338862152,0.0006815485122672,0.000673743905611,0.0006730560553758,0.0006889722589682,0.0006236689770091,0.0006911451856493,0.0006217588643611,0.0028479923448429,0.0005816256215105,0.0005913484954449,0.0004784037166157,0.0005885107209008,0.0006490613445691,0.0008128274103524,0.0022940344604676,0.0005673166506643,0.0005406521732823,0.0006179829411877,0.0006386410717756,0.0006016972844636
2041,0.0006706282467177,0.0005863233400907,0.0005996644482474,0.0006681251811497,0.0006949612585675,0.0005848101654555,0.0006709357974728,0.000690427189745,0.0007350387515412,0.0006642301516932,0.000731523678641,0.0006965984777301,0.0006718318062994,0.0006275464841562,0.000578456719067,0.0005325488033477,0.0006208945221729,0.0006417449844113,0.0007197872275735,0.0005423512795826,0.0006210748840609,0.000540624687736,0.0006835633411836,0.0006938494083383,0.0007761936997312,0.0006450594754333,0.0006711023698724,0.0006776278273237,0.0005794100323168,0.000707696448851,0.0006681727098574,0.0013013955318043,0.0006245527640155,0.0005904376712009,0.0006331419667332,0.0005643400504835,0.0006288116449439,0.0006825355239302,0.0026038110038195,0.000717026047766,0.0008400072205305,0.0004569032237704,0.000530127545334,0.000483143248334,0.0006594386308313,0.0006784926222692,0.0006749880534389,0.0007666833801322,0.0005740947562889,0.0006136535621624,0.0007422281268552,0.0006761717167218,0.0006755231624063,0.0005742051426476,0.0005323427899414,0.0007432936657192,0.0005805099996345,0.0006713698142715,0.0006730591176097,0.0005759996444332,0.0006121763149612,0.0007020076188539,0.0004707193659892,0.0006937817520052,0.0006232420384235,0.0007247471108118,0.0007745359851176,0.0005708230902571,0.0006773408529583,0.0004736026068707,0.0007255400978495,0.0006505988425786,0.0006994875114921,0.000609032446312,0.0005866817902716,0.0006568353113952,0.0005590287426654,0.0005898984998767,0.0006844546908825,0.0006661893685375,0.0005945775534659,0.0006789501272484,0.0007785132269428,0.0006693470971161,0.0006414173406037,0.0006552806371356,0.0006437618077263,0.0006795210165197,0.000623956232438,0.0007410141391521,0.0006419061038942,0.0007118842925683,0.0006190938838201,0.0007360913034134,0.0006825504268174,0.0005351694386435,0.0006128299236956,0.000706707734947,0.0006686344080817,0.0005477918670935,0.0006276733110611,0.0007175081370438,0.0046841806055814,0.0006045664786171,0.0006134077631492,0.0006640928312557,0.0006724061518892,0.0005199317587938,0.0006551417823906,0.0006614448125206,0.0005482235583882,0.0007432465659514,0.0007255923991657,0.0030634574160354,0.0006338093190815,0.000646723382932,0.000646045089841,0.0006731635521098,0.0004755889620974,0.0005402121426907,0.0005899839532133,0.0006115982054084,0.0007783534293718,0.0005995735926945,0.0006628765663858,0.0005974196762731,0.0006852954625705,0.0005954003717931,0.0006835655704678
2042,0.0006271517647436,0.0005129535238395,0.0005778009818701,0.0006804455193404,0.0005280657978914,0.0007062798614789,0.000636526626431,0.0005853463522723,0.0005608393653099,0.0006112759274433,0.000662633484985,0.0006490629986566,0.0005698660679033,0.0005003480671653,0.0005235351785321,0.0004799972495297,0.0006999612107607,0.000609041520151,0.0006562172008763,0.0006301728281672,0.0005573796378946,0.0006149584210177,0.0006241526702809,0.0006607757994196,0.0007347678208109,0.0005938835580333,0.0006117859152187,0.0004319592455294,0.0003404302943308,0.000537975470838,0.00052072137093,0.0003992444933181,0.0006601714644997,0.0004405303352204,0.0005329713059775,0.0005276542477084,0.000589878187143,0.0006427803569475,0.0006088695988019,0.0006227843720039,0.0005194903250518,0.0005698385453918,0.000695135781826,0.0005103622884815,0.0006067908958556,0.0005598708004516,0.0003981560171147,0.0007038491120392,0.0004960141386215,0.0006419729531311,0.0006573615882302,0.000590966026302,0.0006824504022382,0.0008593784968512,0.0004810085316174,0.0006379127670347,0.0005713617958292,0.0006458806455923,0.0005295453615178,0.0012437607109137,0.0005996686259985,0.0005465234010923,0.0006598204127804,0.000631875167154,0.0005733810482395,0.0005772755281546,0.0004829760847761,0.0006284578243954,0.0006477842976387,0.0005905540148886,0.0006845606781109,0.000703052980121,0.0006457339752984,0.0006902335969473,0.000642119329654,0.0006828136586072,0.0006021982199968,0.0005329760711187,0.0003227869675041,0.0005505387453319,0.0005086245746161,0.0005684690111003,0.0007120886908604,0.0005546450209246,0.0006286099903535,0.0006233814208059,0.0005416157792033,0.0005323489042994,0.000439722929462,0.0005960944897052,0.0005376184872266,0.0004616085405443,0.0005514054848143,0.0006294797434998,0.0004653677398246,0.0003220655101655,0.0006011955424977,0.0006705644855391,0.0006048595190731,0.0005857877271343,0.0006515372648289,0.0006766997683774,0.0005740590748083,0.0004969552516024,0.0005931861404091,0.0006079851479866,0.0006265783425745,0.0006813762748842,0.0005937913195649,0.0005303687087523,0.000658471504453,0.0005947501579392,0.0006846411065486,0.0006332216425732,0.0006308435189765,0.000614041227358,0.0005444102918688,0.0005329700791662,0.0006009408012247,0.0005411877196846,0.0007001500098499,0.0004419398970488,0.000494711470309,0.0006666736616056,0.000539580182986,0.0006585010449199,0.0006340253776856,0.0006390088992899,0.0005096322483175
2043,0.0006326285684429,0.0007052912831406,0.0007325546614672,0.0006993825528203,0.0014961734608086,0.000734573384463,0.0005267169937869,0.000918794187927,0.0006876886220492,0.000654592262391,0.0005919560115541,0.0006748479290822,0.001075343249639,0.0006470954007037,0.000520251992192,0.0007144057580493,0.0006365453875361,0.0005587550925596,0.0026827816338106,0.0010973951539117,0.0006179715661829,0.0005503630654573,0.0037806934036919,0.0004072941140875,0.0008514149231915,0.000632282757377,0.000603095849668,0.0009007911479609,0.0006374026918961,0.0006783361653901,0.0061322192567766,0.0007026433162867,0.0007978284285347,0.0006436467706166,0.0008044217672956,0.0007416568772425,0.0008912490604847,0.0006631262767521,0.0006147511728868,0.0010261184081791,0.0008911425705655,0.0008499439290151,0.0007178480043307,0.0006321074634461,0.000645708375403,0.0004613262693928,0.0007716912834008,0.0010681111987566,0.0006972758442889,0.0006559589045262,0.0006516556854125,0.0008067761195176,0.0008162120091183,0.0007838928652949,0.0006328912611521,0.0010313363899481,0.0008406153946902,0.0008426015709491,0.0012974693412855,0.0007678489445067,0.0020154418311912,0.0004870744466092,0.0008339786468965,0.0020433739971647,0.0007906553132474,0.0008636378878666,0.0013661191960327,0.0006963856648177,0.0014692627060215,0.0006536722726657,0.0006747889297999,0.0006959872913353,0.0005982771018456,0.0006628519338489,0.0006652154450768,0.0009984167001753,0.0014277875622793,0.0007267395869228,0.0006428305920829,0.0005955058039714,0.0006449146382224,0.0015834072068441,0.0008346332254279,0.0006166796945973,0.0007369723069912,0.000664690409634,0.0006580828991124,0.0007684184873109,0.0005709382742411,0.0007578203176347,0.0005037448857219,0.0009669478224788,0.0007017075529503,0.0006716686180226,0.0007376996170384,0.0007468609138614,0.0010823593182593,0.0010488624476367,0.0006301382687947,0.000598154861332,0.0009402224603102,0.0005738225156535,0.0007717878559108,0.0009188999789555,0.0006710161911649,0.0007373611401087,0.0008757004905904,0.0007255836855284,0.0035659929954225,0.0007365858926459,0.000705780270164,0.0037628834623635,0.0015512588843859,0.000644732110343,0.0009248188758817,0.0007987734075033,0.000776866875152,0.0009152940441964,0.0015835781866327,0.0007345109892431,0.0006151313434989,0.0035004379137083,0.0006898489611174,0.0006574879339108,0.0007040030857406,0.0007005631503349,0.0007762089491423,0.0006490483329571,0.0006834846405497
2044,0.0006635184896423,0.0006523055259905,0.0011706773370028,0.0005569707256866,0.0007503667732917,0.000543613662568,0.0003269040884852,0.0009826418116746,0.0008117986933891,0.000507400987517,0.0008300017696688,0.0005806907455812,0.0006604628793172,0.000771694363606,0.0004710838399423,0.0006346490219611,0.000370156533265,0.000772240484799,0.0005195750027652,0.0006368447231857,0.0005919990837938,0.0006878681811803,0.0020893344924227,0.0004486601696468,0.0006847412854867,0.0006221624593737,0.0005754795130979,0.000599079723812,0.0007014410341321,0.0006344379172838,0.0010551123407287,0.0006704892456496,0.000549641849657,0.0006617151876325,0.0006245311491489,0.0005356800576127,0.0006700807239983,0.0005245181076247,0.0006494614667902,0.0004876252838525,0.0009984001507306,0.0006932775995977,0.0006733533105165,0.0006942807433439,0.0006786742206939,0.000779123331842,0.0004953213476313,0.0007268545467646,0.0062496614974743,0.0006129627566258,0.0010473570859541,0.0007115560299614,0.0005728937291118,0.0006997940090646,0.0007054454371894,0.0010298547635244,0.0005037484982689,0.0005888072078971,0.000556281747001,0.0006397473870947,0.0006937795443685,0.000688736172058,0.0008241248521907,0.0006231709347605,0.0006135840290403,0.0008892971034588,0.000733910105059,0.0031970686592543,0.0006079293059837,0.0005074515474329,0.0013309531880466,0.000739034127667,0.0006361612651543,0.0007028527727724,0.0009595772306002,0.0006048421446504,0.0007304257632313,0.0006708891742563,0.0007182245135835,0.0014010296890205,0.0006159367817091,0.0006587249278394,0.0006554956438862,0.0007907185166703,0.0007837053394363,0.0007794797082328,0.0006074560372908,0.0006731393819268,0.0005918283996214,0.0007597872761722,0.0007674014797701,0.0006022548834711,0.0005519925968181,0.0005814165229853,0.0006233436455491,0.0008885779486427,0.000717695841084,0.0005441262666756,0.0005445864201512,0.0005558730861343,0.0010445490963107,0.0007254030774092,0.0005556254121963,0.0007524763950701,0.0006126872163073,0.0005522131615193,0.0008685397837388,0.0006725161798122,0.0007818836359529,0.0005433335711775,0.00084061911487,0.0006572905622997,0.0008126626092166,0.0006252036406679,0.0007099162610748,0.0005607790455791,0.000565417500754,0.000647121561604,0.0062133596628521,0.0005996642832918,0.0007498219975587,0.0004716488939237,0.0006170916367732,0.000504822495226,0.000516342520818,0.0007432574525284,0.0007122951253349,0.0005861880008982,0.0005848656979164
2045,6350610.324619252,6587079.244379943,6389609.764509014,6401526.908612814,6395580.054599324,6385214.211407212,6382544.8252213225,6382080.988024081,6383915.333148595,6576809.317845698,6397949.143586257,6408455.818689162,6414143.582445312,6400107.383436792,6418980.863541432,6425439.881014764,6427415.7772261,6596195.270809516,6395662.872420378,6408450.641760292,6405167.003909014,6421779.310697176,6433314.198859256,6435416.776534691,6433461.481246206,6633909.998234374,6395539.751512656,6452421.041477127,6442567.797463376,6701018.517253544,6472294.032746464,6475714.173770247,6468513.589597305,6397497.647912778,6432617.563093194,6386745.585838953,6381124.727261103,6379576.478544599,6373156.774799952,6367504.030536924,6359883.686534779,6715215.093048262,6714755.897688394,6700758.88256895,6444880.090682416,6429703.189752263,6430604.900332607,6400541.383915154,6636151.022286538,6436845.345829401,6431640.1808876,6430202.228846567,6421041.862278204,6423752.77129072,6424672.10878964,6392961.345377913,6619138.181166832,6416428.467339275,6409465.736273576,6408011.599340893,6396743.697106698,6399738.585422205,6396475.454815923,6372696.994778686,6595540.528491777,6401505.339955887,6399220.864840977,6395406.516437383,6389823.555385761,6387813.787335467,6381544.620037284,6368717.626219932,6593528.873963261,6408766.425248601,6387129.178616671,6381706.899170488,6378114.185799638,6364213.849423137,6386219.512333684,6386070.2096192725,6385102.296819876,6379334.223441283,6371500.958156074,6368861.435499579,6367400.118459117,6356269.461488267,6380014.173178107,6380283.841220369,6378889.750547169,6379092.36342415,6364921.097073907,6365480.434312972,6364643.814761974,6356877.149835765,6434276.926801111,6435530.711056212,6437390.445802983,6433839.640742741,6419920.422553076,6399300.376962777,6380141.496834534,6424262.78272808,6424535.866376185,6407447.894872992,6404085.321310593,6398654.043470139,6399138.225280887,6376959.1671241615,6615328.73096587,6396426.206503836,6395435.239124538,6390694.985698919,6385742.231804699,6382886.539187174,6384016.250485334,6368813.278339475,6609867.127029078,6388674.399388382,6388705.98915807,6399031.112387923,6411722.649486999,6415466.715753625,6402680.35039142,6402369.222606499,6394036.76494064,6383533.930335665,6399966.693047313,6399848.188061932,6398625.705553649
2046,350341.2694569755,393940.04399362486,356877.37471517187,362076.8030219817,358959.7309708456,355309.4799080797,354508.4918182782,353724.76033172803,353782.53387149447,391436.4602978208,363065.91099747934,365302.43777257146,366433.059733427,364180.9974181211,366257.7093194993,366754.3967777781,367341.64939492126,394978.4870184527,357743.6783253632,355152.69256779866,356671.99727994506,367996.817950636,368770.6096299792,368292.8107790941,366426.3369237406,395214.5081992458,350852.52622782654,359693.2555682049,358393.1231584643,415484.4016064087,354814.0143658004,358354.1988930382,360080.11014410085,355233.1270718782,361456.8163482385,357541.67517506133,355813.6969088998,355313.77801915025,353660.2740702584,353822.2411673815,350777.6341702568,410822.039100438,410722.0502810669,408503.6097858317,359852.1511758438,353650.27712984174,357685.61469291325,351577.7412786827,397002.1999175949,365570.5728536028,364399.22871480486,366263.2633832705,365057.9107845888,363714.5447066877,363782.7170627423,357493.98346573976,399818.0690408105,367828.12599219626,366592.0625539296,367159.037577344,363489.4713432125,362587.4247556481,362029.1742087127,354377.2465092773,395950.78089543857,359841.84433140955,359565.9383922052,359456.45587600383,357477.6974890896,356462.9865640509,355226.0957164819,352827.7448305341,395026.1897036171,358810.48109996563,356394.6071354789,356331.5381427736,355125.21362642857,349922.0689954552,361419.3178064032,361603.2484350538,361241.2078950887,357626.3761721717,355094.78724602563,354029.41165139485,353316.62772758526,349792.83194905875,356441.85090056574,356884.2111459445,356559.198419126,356392.0843259946,353456.7042204492,353431.32759261015,352842.5232866337,350172.1322676284,360891.4388249704,362044.57843943866,360090.7725706743,359389.0136726516,356892.898086852,352893.8468964947,348507.5628977511,367046.840527126,367884.1228145703,365765.3611816891,363348.6617397074,360482.26300629927,363184.4568282872,357344.18165404827,402532.1944530003,362682.1246150974,362491.5182061691,361957.66565207136,359636.67092203576,357177.7006709276,357895.62778610387,353929.4483048994,401410.2494776225,358035.9146872388,358236.0568665063,361981.3586040912,358958.9912978752,357751.09238872014,352274.0365028354,352174.1225944281,355621.9464598067,349917.2080862305,363891.1169214037,363961.1735384974,363718.8485754851
2047,0.0021032092719374,0.0004852146382051,0.0004916192156922,0.0004372596057292,0.000589477134715,0.000411232012963,0.0004046670105507,0.0004182234173684,0.000398519030362,0.0006443462885314,0.0006900866139441,0.0003974726761426,0.0008547851230525,0.000522115391557,0.0003221523036776,0.000437350049172,0.0003908357462314,0.0011575220446622,0.0003316488757149,0.0003053503470706,0.0006346940129192,0.0005101012042578,0.0005552797875687,0.0003768924923209,0.0003622478783343,0.0004871523622301,0.0007008540622773,0.0006037171763377,0.0003313967576712,0.0003344655221947,0.0003328120227817,0.0004084433330349,0.0003778333817889,0.0004561749611069,0.0004620547953821,0.000363061183227,0.0004641206446722,0.0003958405338431,0.000464070970082,0.0004024977447499,0.0002877058899194,0.0004851784842939,0.0006032602042573,0.0005150241418067,0.0005308328387442,0.0003565295812535,0.0005407252432027,0.0005026810069065,0.000457162860882,0.0004170995450627,0.0003561143174881,0.0005031410208892,0.000459274081923,0.0005599669461699,0.0003991426385601,0.0005599131093233,0.0003961030136197,0.0005215027417801,0.0006893489569431,0.0004995801058999,0.000437138480264,0.0008206582806219,0.0003402035008894,0.0004841947403462,0.0004258367774851,0.0007349965594368,0.0004488786290517,0.0006231102800868,0.0005069332922704,0.0003525501154091,0.0004783567765524,0.000570422364003,0.0005409189862254,0.0003984624362863,0.0004333221265441,0.0003578933860924,0.0004149764238858,0.0004205871441911,0.0003516759775403,0.0003698810862786,0.0004775878293989,0.0003111044894651,0.0004241497773355,0.0004667998834255,0.0002548990311455,0.0004435570338877,0.0003043869200864,0.0003903498943952,0.0004375694866626,0.0004545043578112,0.0003738543285264,0.0004650010428284,0.0003831132077245,0.0005126487816856,0.0006505972481095,0.0004199967317097,0.0005821590735477,0.0003411518512469,0.0007135864253865,0.0005237056354803,0.0004999329708368,0.0004757719971734,0.0005756252996487,0.0006286164284199,0.0008030810686077,0.0003881817224636,0.0005185873546455,0.0004827026534848,0.0006131052746811,0.0004458627154455,0.0004423058434314,0.0004371195360319,0.0004579595086111,0.0004176579552206,0.0005164786858695,0.0005117841932269,0.0004914255797637,0.000526439675335,0.0003218512070576,0.000386438043034,0.0005054883671808,0.0004558225314788,0.0004112239197393,0.0003594058691513,0.0004695134848945,0.00048408551419,0.0004300881156183,0.0003603695249165,0.000338218993576
2048,0.00021946714575,0.0002067968403749,0.0001761932792113,0.0001825960914941,0.0001328124688139,0.0001743630239241,0.000261759449068,0.0002592734872248,0.0002648837827852,0.0002252779125391,0.0001584004970402,0.0001529651348859,0.0001899660117686,0.0001753628432154,0.0001592960849715,0.0002065656612432,0.000164523897817,0.000444901006505,0.000161141639481,0.0001697770359822,0.0002784851283008,0.0001762623225532,0.0002037733150204,0.0001782259654448,0.0002324200651729,0.0001802833221682,0.0001949171014026,0.0002338676104169,0.0003403609166731,0.0002036755548437,0.0001910858823816,0.0001971514024951,0.0001827562686754,0.0001698550049741,0.0001805440838779,0.0001770305185785,0.0001913018224152,0.0001699014874644,0.0001953841635268,0.0001688143552579,0.0001862611123526,0.0002154493112485,0.0002043938789738,0.0001999204953027,0.0002068001401247,0.0002441077137698,0.0001928608755973,0.0002136180137057,0.0001948479906083,0.0001844429262782,0.0001648212952306,0.0002564138560384,0.0001719737704334,0.0003005536470747,0.0001596064190198,0.0004424520642827,0.0002067915579976,0.0003064478037036,0.0001739218596658,0.0001399790145676,0.0001683335490505,0.0001623258469183,0.0001975610662857,0.0001587815660544,0.0002110816300733,0.000162365733713,0.0002515752542562,0.0001856641953762,0.0002060101974407,0.000218624239334,0.000197354375087,0.0002037760134473,0.0002180797133289,0.0001865524281921,0.0001551919572352,0.0002172673819619,0.0001468871363503,0.0001579659809994,0.000193162516059,0.000216112603399,0.000189241409989,0.0001919351306148,0.0001687758399959,0.0001675819447568,0.000173627450014,0.0001827743349144,0.0001702215853641,0.0001447752740172,0.0001907711575937,0.0001827375583371,0.0001522795732449,0.0001802160102186,0.0001418678578104,0.0001941513483813,0.0002093597892275,0.0002539553966579,0.0001699503953254,0.0001931875650529,0.0002022650188301,0.0001675246186331,0.0001560518567525,0.0002020505143219,0.000197166564683,0.0002240949017505,0.0001985467947401,0.0001772853465547,0.0001719710240207,0.0001696373783735,0.0002122564392812,0.0001484845154965,0.0001589443303689,0.0001844480136397,0.0002053134772756,0.0001731295373501,0.0001924960127289,0.0002250295311757,0.0002279621491973,0.0001968428819178,0.000179693982828,0.0001782541305871,0.0001498728845303,0.0001840797428201,0.0001374513280027,0.0002016905080254,0.0001998151557833,0.0002289756668146,0.0001482381771905,0.0001789578445818,0.0001767332182457
2049,0.000284431709823,0.0002070636295804,0.000165106285232,0.0001683427569009,0.0001484629648104,0.0002381345164922,0.0003756066795991,0.000151543813505,0.0001763190722931,0.0001926501275267,0.0001801850991806,0.0002605558205223,0.0001880540481056,0.0001636854320766,0.0001705759929725,0.0002028525822728,0.000160667671629,0.0002135751318514,0.0001916991633173,0.0002024472045177,0.0002432474789197,0.0002821710993982,0.0001821832550358,0.0001422460671882,0.0003825483129255,0.0001592741654209,0.0001972529303778,0.0002002830612241,0.0002067696290396,0.0002154896044137,0.0001972400678813,0.0001817608209942,0.0001731647410261,0.0001560570773323,0.0001467605594425,0.0001929997592613,0.0003460251296575,0.0001950010374175,0.0001793035682137,0.0001615483121133,0.0001933546459742,0.0001813533783478,0.0001809082542105,0.0002646126920865,0.000295100214454,0.0002141836260744,0.0001903582606696,0.0001665609987399,0.0001805505862715,0.0002371569796991,0.0001983545096239,0.0002285046489342,0.0001799532069236,0.0001839505437247,0.0001924368081866,0.0001557072117611,0.0002184379392047,0.0002159539972291,0.0001811495663063,0.0001670267382075,0.000144510894192,0.0001587750242273,0.0002087120897393,0.0002523625398998,0.0002152779352488,0.0001513920025912,0.0002028899027659,0.0001659957851621,0.0001717525228018,0.0001480841929869,0.0001369821432281,0.000199832807642,0.0001638954893278,0.0001432195026731,0.0001650833366367,0.0001484121815127,0.0001702792298484,0.0001422028873167,0.000190556998674,0.0001859715203725,0.0001631052406249,0.0001348204574653,0.0001453245407626,0.0001609138412912,0.0001602382885886,0.0002513431119747,0.0002423063432423,0.0001709846693783,0.0001589635479667,0.0001624256834119,0.000151442036305,0.0001858346561133,0.0001586672993515,0.0001627488076321,0.0001474671074904,0.0001590063011254,0.0003783289420896,0.0002461849849421,0.0001344634144087,0.0001746338057978,0.0001837670213166,0.0002123093545287,0.000312036366414,0.0001556315075753,0.0001880804717741,0.0001773939262148,0.0002208888341353,0.0001721515952028,0.0001598737002932,0.0001531233360672,0.0002121077467855,0.0001620496698654,0.0002341022150168,0.000163117199859,0.0001540658112474,0.0001865161761857,0.0001922703150195,0.0002329003192432,0.0001690025736394,0.0001707740599086,0.0001728751520168,0.0001484873411008,0.0001734034615195,0.0001646234425236,0.0001433439681231,0.0001734123131773,0.0001884293265575,0.0001637170047797,0.0001678498453636
2050,0.0001469663014254,0.0001446230608895,0.0001534297062648,0.0001592796246072,0.0001486747911961,0.0001747434568797,0.0001512032196786,0.0002489948207892,0.0001278313767844,0.0001866041210251,0.0001695537805888,0.0001637614677075,0.0001359568921199,0.000163284587314,0.0001527814710089,0.0001400103800141,0.000433047645701,0.0001852366319667,0.0001623222318846,0.0001544819941036,0.0001487432360646,0.0001799925448031,0.0001562944290147,0.0001662776627046,0.0001572298772178,0.0001288781547722,0.0001559497880832,0.0001517697637706,0.000213624372904,0.0002444960227308,0.000138607577347,0.0001261872840679,0.0001586717470231,0.0001408658003273,0.0002821276388355,0.0001230801472974,0.0001531598405403,0.0001503795827676,0.0001608695874082,0.000135705188369,0.0001453657278978,0.0001685771045543,0.0007090112934425,0.0001429037391499,0.0001517378797042,0.0001554919197615,0.0001421277913319,0.0001334621567222,0.0002719171603539,0.0001433540793453,0.0002109157669783,0.000164602788738,0.0001256214281968,0.0001510811350357,0.0001950869394738,0.0001653924321118,0.0001389570367199,0.0001830004089778,0.0001422024899572,0.0001370232732059,0.000142194498823,0.00016606626225,0.0001584459193218,0.0001602323019753,0.0001605132418762,0.0001281984266134,0.0001618687427107,0.0002379084415076,0.0001222934771462,0.000166902115363,0.0001409354665737,0.0001398393451312,0.0001608246128696,0.0002776869976429,0.0001363211137078,0.0001466594029494,0.0001463128828025,0.0001329034214837,0.0001357264190382,0.0001507160399359,0.0002785346432754,0.0001562566369575,0.0001213329239486,0.0002266079947023,0.0001396872017217,0.0001474842032034,0.0001439889096422,0.0001253609147045,0.0001259459454237,0.0001582326397263,0.0001522579684032,0.0001143883954226,0.000138617172767,0.0001337809411681,0.0001828128558366,0.0001398144966038,0.0002846873131956,0.0001323570896193,0.0001737807245267,0.00013179764072,0.0001220299769053,0.0001781091254289,0.0001508410253327,0.0001252312785792,0.0001624123743655,0.0001227390024257,0.0001268110330821,0.0001346389488536,0.0001415570646106,0.0001342574090129,0.0001346936719283,0.0001507096007585,0.0001524331768501,0.0001555677097385,0.000148828240973,0.00014634755022,0.0001416650207033,0.0001399004054975,0.0001141803943071,0.000126602266669,0.0001468183045761,0.0001295176410229,0.0001471471209731,0.0001754026181417,0.0001716546164165,0.0001335145203574,0.0001280079902085,0.0001276259505878,0.0001781114583168
