Scenario,Total System Cost,CO2 Emissions,Grid Development,Biomass Power,Battery Power,Hydrogen Power,Imbalance Power,Flexibility Usage,Hydrogen 2045 Energy,battery 2045 Energy,Biomass Utilization 2045,Renewables Investments,Peak Reduction,RES Curtailment,Spot Market,Grid Loading,Total Imbalance,Imbalance Peak,Biomass Utilization,Fossil Fuel Utilization,SME Usage,SME Money,Flexibility Investment,Flexibility Potential,Flexibility Cost,Flexibility Duration
S1,445862316963.7528,1786.2600439681194,280301.2248601767,4523.512966040387,70690.2010827433,68425.67769633501,53741.29273048828,89892762.69476822,35916413.13779399,52212253.37277127,1764096.1842029763,421.7463062467019,-6.426289333763302,3407213365.885581,36.25414902426507,28.573097167526026,6981019.308899634,53.74129273048828,1119.4074962188884,3053.54756000158,-3.178474363583376,-268.7114021786923,95536.38186715674,20.0,100.0,1.0
S2,445233938261.254,1783.9215647222866,282202.9515042515,4484.967422281441,70685.09491651173,68473.69294144638,53248.520226526096,89938994.79430355,36196538.912775,52025463.22911549,1716992.652413054,421.26468096453897,-6.903526795298555,3415976225.810562,36.08328396118311,28.937045192403808,6746487.158595459,53.2485202265261,1116.9949593289136,3047.7863740017538,-5.913358724378629,-499.11421346952505,95819.04540220342,20.0,100.0,2.0
S3,445276124635.8044,1783.540410502908,282226.7994606647,4484.837741961762,70617.22108899134,68452.25861133277,52326.86472003676,90206051.80339284,36300753.60523792,52185201.97077727,1720096.2273776312,421.2881343007027,-6.893406955958993,3414313096.576817,36.1338376945035,29.190742095560218,6763603.744417342,52.32686472003677,1117.0521135360882,3046.652344715486,-7.77058740901028,-654.739282304332,95621.59632459746,20.0,100.0,3.0
S4,445254761684.74646,1783.2338683627693,282210.51556548034,4481.194984374652,70572.97104806334,68396.1480188057,52440.63056966511,89769216.57344157,36185824.69944051,51866944.70015922,1716447.1738418266,421.2368673674296,-6.8885379374205895,3414101851.375476,36.11417275709532,28.87418427501266,6754539.813990078,52.44063056966511,1116.687650023138,3045.6800543671034,-9.054860149616909,-762.3410604166031,95620.29203727782,20.0,100.0,4.0
S5,445260329093.0827,1783.0241098934498,282283.08326144464,4480.549116676274,70556.86697586137,68286.18283064086,52836.47595317403,90951956.99062307,36651203.58660547,52590327.12847213,1710426.275545475,421.2876402971005,-6.886276191600359,3413987499.7672873,36.1007713983958,28.98451850791865,6740523.71350415,52.83647595317403,1116.578686691673,3045.069819099937,-10.07373416763506,-847.3863326160191,95688.63162755943,20.0,100.0,5.0
S6,445241378864.19073,1782.8803222469485,282188.13469710806,4479.681143563594,70554.94850838395,68291.81197834443,52930.07543903815,89785926.65528189,36163307.5341224,51912275.92871442,1710343.1924450656,421.3651769975821,-6.888130377669037,3414783988.2536297,36.11047210579813,28.79345942967637,6737053.3411703855,52.93007543903815,1116.395741641424,3044.611647112108,-10.57581670972713,-889.0232855555299,95688.93035328764,20.0,100.0,6.0
S7,445213544267.6668,1782.8224539113098,282955.39235631714,4480.965235087595,70566.44870003771,68290.808328144,52838.27102427637,89660048.28473677,36112866.30270584,51835910.132844165,1711271.8491867566,421.3499826769832,-6.888900321984531,3414453653.172995,36.11009592729902,28.66371897748604,6735805.774038222,52.838271024276374,1116.4414802657795,3044.426893684946,-10.721250806052925,-900.9337325788277,95826.37712877258,20.0,100.0,7.0
S8,445151372908.85913,1782.8293453312706,284930.15000194195,4479.876145084829,70561.19074206732,68287.0756340608,52914.50129751105,90010691.86860518,36236444.01955053,52069322.06213999,1704925.7869146666,421.3896763007996,-6.891667787250288,3414870581.1092277,36.139260760715324,28.43240153813328,6737697.893884756,52.91450129751105,1116.3678261434948,3044.4506998862826,-10.749039379978667,-903.1317627436562,96234.55876413318,20.0,100.0,8.0
S9,445835557381.00085,1785.535147063168,280304.7661117271,4523.521062374447,70643.60135882537,68455.76184700523,53406.90814068273,89649605.13469975,35850388.60264138,52035524.82144767,1763691.7106107092,421.7186199264606,-6.453279639221278,3405985375.2717075,36.26144807589756,28.293829395846306,6968245.80014282,53.40690814068273,1119.2106858700522,3052.9488334273537,-4.916934599993554,-299.6317818534481,95466.91170412298,20.0,70.0,1.0
S10,445058798561.8153,1782.2313423338046,282251.1944123858,4464.7555155506325,70602.71354371893,68472.62799336726,52952.24839327388,90028119.51353145,36238674.807534695,52082667.45031324,1706777.255683506,421.57921944950834,-6.932244227725441,3418065625.247688,36.10095434431934,28.90444373637261,6761015.078311047,52.952248393273884,1114.5494751077347,3046.2845442973035,-9.366557669552744,-570.6347010866209,95748.7079716593,20.0,70.0,2.0
S11,444988603627.0548,1781.11212091495,282253.7941623903,4452.687408066926,70526.2001000044,68444.7475324688,52495.80615337913,89904419.3791924,36221996.010942735,51978394.35998186,1704029.0082678008,421.28908207135646,-6.92011324966597,3416637438.566932,36.088586349061806,28.69232958345093,6773758.282232673,52.495806153379135,1113.4479085434396,3044.288777968032,-12.492290624791845,-759.6438591747292,95634.64707126192,20.0,70.0,3.0
S12,444905057973.8333,1780.1383016054983,282257.98796542134,4448.250477561612,70481.80869678967,68442.92837766244,52347.19351737566,89869083.01201387,36257196.21133798,51908632.64716732,1703254.1535085584,421.0018784660429,-6.92409875080567,3414328595.154354,36.066785434998785,28.89065885218648,6780576.670843878,52.34719351737566,1112.814150447782,3042.366763148385,-14.68982189192524,-892.5310900486157,95595.63380696214,20.0,70.0,4.0
S13,444921139638.0969,1779.7413871236815,282334.2276064651,4443.906473226424,70414.1114980288,68301.80888799098,53403.87852369974,89723964.44346955,36188586.87643982,51842834.390288845,1692543.1767408904,421.0254455210994,-6.909027122957861,3415983190.5924606,36.09703333742674,28.917670223024597,6764288.404361041,53.403878523699746,1112.200619639779,3041.878262728652,-16.501921894410234,-1002.1240140031331,95779.58659788223,20.0,70.0,5.0
S14,444925588159.14575,1779.3483363642686,282300.46939695993,4441.237214375396,70400.97046303097,68276.50327973318,53494.36110174485,89604768.36710937,36130852.12264186,51783607.666176334,1690308.5782911736,421.33699900508543,-6.905770394163464,3416659198.1238112,36.065413988185725,28.828456889162,6785238.597276001,53.49436110174485,1111.9582480297192,3041.3203342828606,-17.657604129113793,-1071.778873214819,95782.70829116888,20.0,70.0,6.0
S15,444905016335.3204,1779.2502031931233,283057.97999514465,4440.911465169802,70446.32238353384,68228.23195612433,52540.6796391955,89662246.41105862,36115508.43072832,51853778.338188566,1692959.6421417403,421.34658213283217,-6.903677002890259,3417004258.183438,36.07976569312721,29.13934108930292,6792194.301714617,52.5406796391955,1111.8249957802361,3041.1934215854308,-18.025443279952245,-1093.3318602792144,95742.82508783363,20.0,70.0,7.0
S16,444844865253.9935,1779.2299795981664,285051.0994387216,4440.958652515776,70454.6866592815,68222.97780170005,53025.19552864966,89752778.43976507,36143617.31832239,51924718.76839896,1684442.3530436992,421.3731348188324,-6.903421526560419,3417324772.872739,36.089486132489085,28.573708193743443,6794757.45656617,53.02519552864966,1111.7835923973514,3041.167945182268,-18.08695541128405,-1096.8665891597507,96238.98361617372,20.0,70.0,8.0
S17,445758533245.77,1785.2281966612002,280267.8083654993,4523.437500121595,70629.39378527658,68433.63505635381,54114.95371965523,89763604.29966491,35882552.30250867,52118857.464670494,1762194.5324857472,421.4871184391235,-6.456726244051525,3405974054.458193,36.24360492754689,28.43149849400779,6991173.78212144,54.114953719655226,1119.0781396237433,3052.7348494371718,-5.966186232458623,-260.17627328934043,95593.8456853813,20.0,50.0,1.0
S18,444786183326.09033,1781.0857678230489,282190.3861861441,4500.696121982898,70510.76847340286,68500.14436952808,52227.58265500496,89846922.83026609,36245724.4208782,51877357.89367972,1723840.5157081569,420.5412009092217,-6.959833451373622,3412122933.293212,36.10948749712968,28.505280339459425,6753406.577204305,52.22758265500496,1115.8471054341458,3043.665502764795,-11.379646971160431,-496.13735967057175,95585.91556121256,20.0,50.0,2.0
S19,444639598221.7319,1779.9313494704113,282235.83113491745,4487.146702074769,70424.66494628313,68394.86241877952,52322.34301565792,89908945.50391212,36284690.10068421,51909707.47182708,1714547.9314008418,420.49648649197263,-6.9466481110744365,3412966610.358341,36.099368128514286,28.87030469433246,6763603.367550956,52.32234301565792,1114.2443807509378,3041.530262932127,-15.460805620261768,-673.2081701723725,95572.96964354256,20.0,50.0,3.0
S20,444476822405.52856,1778.69595988176,282252.174828154,4481.899854351872,70390.49138487456,68305.61841771871,53270.2613951464,90598305.66083674,36567021.2844612,52320659.38631238,1710624.9900631546,420.5188925285643,-6.933650256540885,3412925119.3247848,36.105875368960255,28.786482574677475,6761839.02996513,53.2702613951464,1113.7466803551952,3039.068316071189,-18.32261840078411,-796.8170967563354,95740.0891760491,20.0,50.0,4.0
S21,444486690611.56384,1778.253818682483,282326.04430477635,4448.892056431814,70274.63817406248,68358.7820790016,53214.83631758304,90923191.88428798,36746366.83565968,52482619.11981936,1694205.928808945,420.75663644730616,-6.92026444516502,3414571529.5113955,36.09930304244225,28.821335921347025,6789776.156976834,53.214836317583035,1112.2027896529996,3038.6618443932603,-20.66298916634911,-897.8981063925071,95724.63858637106,20.0,50.0,5.0
S22,444449621116.4093,1777.8927214518733,282294.50657206494,4441.406378877588,70265.1119450357,68273.94924740485,53019.39128799637,89612338.87288061,36176091.526218966,51747581.11527397,1688666.2313876692,421.1239169199745,-6.914747239853267,3418127352.123315,36.05710370205099,28.808723122568058,6802084.83895441,53.01939128799637,1111.3074821616954,3038.155551168741,-22.222043456099605,-965.2926150182903,95658.8730862759,20.0,50.0,6.0
S23,444404342654.9573,1777.732627614942,283054.16647483926,4440.726813963202,70287.15854123601,68260.64544874977,52233.82313453309,89743048.03297259,36212948.118766725,51839978.340228096,1690121.573977764,421.09426979937547,-6.917939965726305,3417416899.9122906,36.05920987491714,28.74013369160185,6803709.612698084,52.2338231345331,1111.0045473959847,3037.8518003138947,-22.864954493539212,-992.84170836209,95655.30408266427,20.0,50.0,7.0
S24,444335462485.2272,1777.7125904695258,285132.72455993266,4440.854691425086,70290.66573109849,68233.91968316985,52256.46963537816,90597560.00002293,36612504.77925362,52299805.807771295,1685249.4129980193,421.04855442371326,-6.916521801565497,3416709615.172938,36.05359157884416,28.739876832862382,6799887.848188529,52.25646963537816,1110.9997263454286,3037.8016570858954,-22.952866790455285,-996.4651029057151,96070.92686020085,20.0,50.0,8.0
S25,445564377453.66833,1785.1884002638517,280237.10653449234,4523.347214974281,70575.81607474602,68439.25381211647,54496.91403859547,89627796.02473488,35887003.31854111,51977885.98562391,1762906.7205698665,421.0700330595471,-6.587361452948536,3404275031.423754,36.235659219347596,28.58147348660388,7029124.527158177,54.49691403859547,1119.5508443900383,3052.4753352034363,-9.68630752712934,-85.65024681431565,95654.48753498492,20.0,10.0,1.0
S26,444284005266.7448,1780.0460824090826,282107.6758370033,4521.644683765917,70400.78940387539,68525.55104290368,52620.23099192227,89864523.92573792,36382114.8107315,51751599.877706215,1730809.237300201,419.77514714710196,-7.130330958464709,3407141976.8374496,36.147857000591515,28.961678703161635,6746392.301544233,52.62023099192227,1118.4586453192655,3040.6139695726147,-18.791047491007358,-166.16588414999583,95635.17839189411,20.0,10.0,2.0
S27,443892524316.5276,1777.9900667557893,282095.8199336148,4512.096869513639,70324.89388048602,68422.15347710928,53415.13862264345,89735373.91130614,36340756.90415601,51663782.18224759,1730834.824902542,419.6298172173478,-7.11103427374391,3408858914.245954,36.141892301547855,28.760284370377864,6812114.326585284,53.41513862264345,1117.567533134137,3036.6655481280864,-26.422912798225344,-233.54109965933145,95754.02055667344,20.0,10.0,3.0
S28,443579701474.5002,1776.614411299038,282060.11245447636,4511.973454855149,70248.82281162468,68401.56589475977,52952.67130187822,89651895.2438089,36363247.44481426,51555980.980038345,1732666.8189562848,419.52665323486343,-7.09947066276867,3407431819.963725,36.08482222489627,28.923757422464103,6800960.941709555,52.95267130187822,1117.6003801787742,3033.2376536656584,-32.44758466495386,-286.5434486875099,95635.02918351884,20.0,10.0,4.0
S29,443636852778.1194,1775.6679255121987,280794.94238825375,4511.871139757161,70108.09231659325,68386.74840378622,53718.108129376735,89486091.77052043,36072039.210402176,51657056.61491316,1756995.94520511,420.36253116180046,-6.696074329824481,3400292260.6978583,36.127482875079316,28.55515021333175,7116502.9411229575,53.71810812937674,1118.1778685368038,3031.4305342430152,-37.727194802187526,-332.809002636324,95503.95247555341,20.0,10.0,5.0
S30,443449857364.7089,1775.5578687742577,282116.6681750848,4511.7316944220365,70022.08330122616,68318.763534356,53172.43244283746,89969252.16155265,36540849.25737474,51707050.31688711,1721352.587290804,419.76293586116054,-7.068196944267311,3409178125.5436993,36.04436226964235,28.94301602021004,6828593.720459022,53.17243244283746,1117.7836716349996,3030.9802597507323,-41.82303427121532,-368.54137215434434,95628.3358295853,20.0,10.0,6.0
S31,443352584497.0021,1775.1380706458622,282943.3872195229,4511.795664996598,69916.19360934448,68327.76962861489,52429.57136492462,91934445.08880919,37335607.39932311,52881203.55226892,1717634.1372171685,419.50152194323607,-7.071867984080882,3407173642.3431168,36.11196709991997,29.395570452242893,6834068.400667502,52.42957136492462,1117.7996934436837,3030.2109443971885,-44.0134180672815,-387.4016435691034,95625.7434974807,20.0,10.0,7.0
S32,443236649102.905,1774.9924816078176,284822.9652711038,4512.085029904063,69882.52406537134,68344.42298136657,52836.810914096335,89545012.33082217,36433350.722871415,51400737.94757187,1710923.6603788803,419.45282237248466,-7.076500943133584,3408496049.073412,36.103174656072866,28.408783944692345,6827108.075437507,52.83681091409633,1117.7063048722769,3029.777962010757,-44.100911235274616,-388.2321435572945,96079.76165236843,20.0,10.0,8.0
S33,445774790586.81744,1786.027589239993,280655.02478098974,4520.741589517117,70749.83081662309,68427.46273251838,53189.45078166742,89670010.23131952,35810283.03280869,52092630.49918966,1767096.69932117,421.7296857959451,-6.32748039443064,3409214081.7698784,36.24593120137992,28.343775190745447,6988555.085523758,53.189450781667425,1118.94293850127,3053.5421367172744,-2.3949846343431167,-202.49661366390214,95508.50214026314,15.0,100.0,1.0
S34,445376191900.89374,1784.927123435519,282002.606622018,4485.418446782449,70679.36305654724,68494.95138274122,52343.723444455,90000315.89083181,36222438.451725855,52061541.106387466,1716336.332718486,421.1421414671715,-6.7371689594097175,3418303321.8788214,36.143455392942286,28.939811378263048,6721545.396375438,52.343723444454994,1116.8101602160104,3050.1178390246378,-4.459247431713737,-376.4198557469622,95601.21259050877,15.0,100.0,2.0
S35,445385757631.22894,1784.55432996055,281962.00554158,4485.117288069374,70674.36869404244,68461.3389663195,52877.4547082,90700063.22429284,36507131.46531912,52471920.47000305,1721011.2889706765,421.1765075718569,-6.7298442427012075,3416878071.44754,36.14347278740498,29.1835148733854,6736770.736848775,52.8774547082,1116.7990561322138,3049.0846930073067,-5.868413808713724,-494.51394386200303,95692.05703964227,15.0,100.0,3.0
S36,445360390887.30914,1784.215383556837,281982.9531310879,4484.92596642102,70695.34347010836,68438.46306102508,52900.45262119813,90715554.11576332,36516181.76718466,52475498.23697048,1723874.1116081923,421.1499037329451,-6.732194839620494,3415894041.1412163,36.13353710260249,29.461510246662424,6744276.794359066,52.90045262119813,1116.7646801003825,3048.0719495691546,-6.837307608697682,-575.7044668483574,95700.4276499681,15.0,100.0,4.0
S37,445384504368.3518,1784.0951305417966,281969.4127456772,4484.8960084847495,70655.34491116385,68439.5697779922,52680.192749382535,89975690.78416924,36232551.97367314,52021561.65574341,1721577.1547526815,421.08004925109475,-6.73030376035119,3414921272.8493357,36.12461579182109,29.13712213854558,6747301.277613911,52.680192749382535,1116.7627537047874,3047.706370298614,-7.601926895601467,-639.613581787472,95645.88323854012,15.0,100.0,5.0
S38,445368479879.7598,1783.9556036838346,281955.09736573586,4484.870306042473,70651.11216617776,68409.01203884717,51194.88929967025,89768228.69099522,36144010.48093883,51902176.15742925,1722042.0526271523,421.2110121219663,-6.728767370707375,3416140056.2814407,36.1502334756304,28.992798816768577,6754862.998276838,51.19488929967025,1116.7187076798275,3047.224556526992,-7.988908207868262,-671.6858809906769,95338.9962352947,15.0,100.0,6.0
S39,445351385143.98816,1783.9287305532998,282872.94146136683,4484.728660627673,70658.88794350982,68394.6023184502,52318.467864475846,91433465.79209033,36761893.01996675,52950999.97955493,1720572.7925686543,421.21717597288153,-6.727963566711313,3414901750.786884,36.13788155940395,28.76110492667248,6758786.827109226,52.31846786447585,1116.7417605805938,3047.1579766380387,-8.111450389536378,-681.6742519157134,95745.92564968608,15.0,100.0,7.0
S40,445305076134.6411,1783.926529495462,284182.1521504881,4484.784726839584,70642.13523663046,68399.04845658658,52934.028051115376,89961051.8875952,36213614.86605215,52027544.61338112,1719892.408161943,421.19951223739724,-6.730110531927418,3416133348.0814824,36.169524397019124,28.737012597435363,6761347.209418508,52.93402805111538,1116.7180454744403,3047.1512316583294,-8.12213242290519,-682.532814361278,96128.42972433203,15.0,100.0,8.0
S41,445749740108.3049,1785.4849183535366,280643.6280588448,4518.2747133500925,70745.36990835491,68436.15578722619,53502.3157081718,89714426.30120367,35826114.03760332,52117507.60956101,1770804.654039336,421.7500232483499,-6.352663587592703,3408940788.196576,36.2347498250533,28.085649709633746,6991491.3351068245,53.5023157081718,1118.6021873322695,3053.0974819109333,-3.697844632478402,-225.35613854504226,95569.14883518957,15.0,70.0,1.0
S42,445225579627.3354,1783.2598635529223,281976.10873833415,4484.875420388371,70629.56645146573,68511.30940752497,52821.18313694794,89880421.83736756,36196312.07099885,51966781.38320968,1717328.3831590344,421.0865192847483,-6.763438855856216,3416767247.18439,36.145450049437834,28.523735119169068,6727074.264336115,52.82118313694794,1116.2977289114394,3047.949169096151,-7.041990757860998,-429.0677645168194,95684.60863093221,15.0,70.0,2.0
S43,445224692417.57263,1782.4113652072067,281994.621597998,4484.696695075841,70598.20429860729,68440.58992975205,52898.377428566746,89787819.71743627,36163782.449783504,51904572.46520619,1719464.802446575,421.16909359672263,-6.747178135621619,3416991418.9716167,36.12493648748331,28.933583079572685,6758504.655758675,52.89837742856675,1116.1271794618715,3046.6011941985985,-9.395064203300212,-571.3596533251243,95683.29798999999,15.0,70.0,3.0
S44,445159797333.0104,1781.938409279894,282001.0266418533,4466.5144874024045,70618.11486211538,68437.7913921232,53606.897100048256,90172900.75436057,36300864.66534457,52160638.03439824,1711398.0546177493,421.15799493433576,-6.746386967298656,3417009595.5113335,36.12787068293861,28.92294247634417,6762326.036145583,53.60689710004826,1114.435280796267,3045.9049335783498,-11.050731806059778,-671.4791938506822,95826.06889670852,15.0,70.0,4.0
S45,445126228630.6729,1781.4713052048126,282049.23078297806,4460.686378212087,70501.79153865464,68456.7444223278,52511.747496786425,89939487.94954252,36259537.63923606,51971008.49278466,1708941.8175218173,421.052199621895,-6.7404877701776424,3416912690.1426797,36.074363785952805,29.08478833884196,6760233.198374742,52.51174749678643,1113.81957101548,3045.0459920356407,-12.418766166493194,-754.2389075789993,95596.0401237918,15.0,70.0,5.0
S46,445109035001.2116,1781.2278289132637,282043.89334558824,4452.387920788273,70476.86633347378,68431.49777142753,53280.17897699832,90122694.86946033,36350884.78787291,52067452.18356676,1704357.8980206745,421.25501107561774,-6.739901329748809,3418216763.1275215,36.07498983345808,29.236753450228814,6775170.659482396,53.28017897699832,1113.0023649677541,3044.7336781070444,-13.300559218357826,-807.3719316335051,95736.96486965523,15.0,70.0,6.0
S47,445106574750.6046,1781.21270811485,282858.6977909674,4452.454434850757,70505.73409747874,68421.64596178319,52948.84646449369,90676440.56870717,36572059.65801974,52399878.67072177,1704502.239965668,421.2046501385893,-6.742307126220273,3416953015.0428734,36.10611607360657,29.42305342306512,6776057.820392328,52.94884646449369,1112.9548172008542,3044.821815782188,-13.58808470923883,-824.2060822629373,95837.47574991477,15.0,70.0,7.0
S48,445058663175.3264,1781.2006741252542,284289.2772597357,4452.304163904586,70522.58436177889,68412.87030074003,52698.76453143319,89823737.52009334,36186940.49876933,51934823.48172314,1701973.5396008666,421.25861074800866,-6.7453148286708595,3418214258.59054,36.10118619915224,28.332935600849886,6784256.620684307,52.69876453143319,1112.9004710195202,3044.776195701833,-13.624893919753019,-826.3512488879751,96075.16012351846,15.0,70.0,8.0
S49,445688471044.4601,1785.350968530462,280669.2175590605,4511.040206894037,70719.40989811627,68415.4476686971,54581.52084734623,89814989.2163212,35856780.05569139,52193199.39935464,1765009.7612751694,421.50393406042093,-6.358895258451691,3408768094.2678566,36.24186068994776,28.289562704116733,7018956.270402641,54.58152084734623,1118.2838157216124,3053.113593266814,-4.486988237902796,-195.67215419376518,95779.32723602283,15.0,50.0,1.0
S50,445080918924.9886,1782.6464860874148,282031.73649752664,4488.723996197879,70606.79870185403,68513.27290835536,53268.409446767895,91181202.98450974,36761366.16891939,52702155.10136116,1717681.7142291763,420.5714372078049,-6.770176396242573,3414466306.001423,36.13620375758357,29.222524378061344,6750455.355593202,53.2684094467679,1116.2426595136249,3047.191204945476,-8.563228559064914,-373.2781706116777,95781.78831014034,15.0,50.0,2.0
S51,445003304217.942,1781.7795298555527,282000.6273697486,4480.561966048247,70574.07078069545,68446.18033494105,53077.056366311306,89913370.32690455,36242374.91925871,51952684.31046342,1718311.0971824091,420.8303962266441,-6.764182884029082,3417310601.245239,36.11808007339774,28.76828570856183,6788454.849570304,53.077056366311304,1115.3190387837012,3045.6439464945806,-11.633787229126678,-506.5516035876085,95715.69936354892,15.0,50.0,3.0
S52,444888108047.25305,1781.125055219689,282013.4616336424,4464.340278445426,70557.72789483858,68436.1777252911,53191.20988696608,90184278.19756344,36348878.34678567,52123706.70779327,1711693.1429844885,420.75609763599493,-6.75654242920974,3417513821.321296,36.11920150817922,28.79305765322459,6787467.344093924,53.19120988696608,1113.8587422725977,3044.5196588040353,-13.774726200899037,-599.0678977406938,95732.58348383672,15.0,50.0,4.0
S53,444856337594.0225,1780.7914888745197,282064.98248980497,4452.719846295893,70352.49426822577,68457.21372684187,52777.917825509736,89747033.89211807,36252371.634552464,51791303.502728544,1703358.7548370657,420.74795476224506,-6.745758447356639,3418822256.2020187,36.10609140770167,28.737045143635708,6786099.800666242,52.77791782550974,1112.7774574961031,3044.081984934958,-15.522805992027735,-674.6332773580374,95621.06563133563,15.0,50.0,5.0
S54,444837954695.10126,1780.4337598788882,282043.2879737147,4452.3419218825,70360.84935344174,68376.24996782263,52939.06432321454,89787338.59462859,36220272.978153445,51867057.027021326,1700008.589453823,421.1266972024609,-6.738107260978793,3420848670.7249913,36.130192666422644,28.85772041190746,6796465.517323852,52.93906432321454,1112.513929150565,3043.476381479667,-16.714728641144525,-726.0970657508574,95634.35870801522,15.0,50.0,6.0
S55,444840666686.035,1780.4601462640253,282853.9270329126,4452.537694667517,70373.12769260036,68338.01279026773,52193.53245380506,90843756.39177679,36664692.76458936,52480681.34449732,1698382.2826900978,421.0204039265566,-6.741272432763014,3419405504.4543076,36.094554584015135,29.38465488438172,6796039.432700173,52.19353245380506,1112.384854919845,3043.6081918261025,-17.216855450897285,-747.5754709625179,95642.22753285067,15.0,50.0,7.0
S56,444794796427.7086,1780.4603819222068,284269.49796623056,4452.230796128097,70367.10846788234,68337.08557557531,53054.812863838575,89779775.59738478,36222141.373625815,51859572.53999093,1698061.683768037,421.05776412223776,-6.7404010282317275,3420712457.926667,36.08317697794069,28.700765445045896,6802415.946187565,53.05481286383858,1112.3291396869577,3043.611803715753,-17.2634159263649,-749.5460963757041,96096.14713393096,15.0,50.0,8.0
S57,445522942241.4053,1785.1589919528235,280624.5992088277,4501.199166161769,70692.2040433441,68444.75510631772,52960.521002449495,89628404.0751966,35830446.63227193,52041779.58472769,1756177.8581969698,421.1477887786311,-6.459988910489891,3408085908.4022484,36.25973321405036,28.884433550720544,7033153.251114467,52.9605210024495,1118.4506519210147,3052.7324905975665,-7.284484968614352,-64.40664227209842,95444.65570542015,15.0,10.0,1.0
S58,444745209168.8874,1782.299008018343,281921.300151807,4499.325446756821,70523.49677769787,68540.25549332931,52876.72315189712,90811106.86747144,36702835.04220124,52383622.02728115,1724649.797989057,420.0358427687777,-6.900866081458345,3411752780.125743,36.206710409801175,29.52119479091496,6752119.155057961,52.87672315189712,1117.5634599924588,3045.7787298370563,-14.159406583688666,-125.16149783473462,95672.22020429764,15.0,10.0,2.0
S59,444440755852.9162,1780.651007050235,281870.8552906871,4500.415705741974,70438.05720313877,68467.74811177248,54022.98414756609,90023202.51784903,36394644.41203804,51901504.47928718,1727053.626523806,419.71578080504224,-6.879920858522486,3412348386.2808867,36.206710409801175,29.29256193961204,6788290.547397315,54.022984147566085,1117.476687030358,3042.3827579444564,-19.87610966835651,-175.6699299554206,95860.01209178127,15.0,10.0,3.0
S60,444232740977.1338,1779.620902949972,281814.2390513045,4518.2006690899525,70403.35818070301,68392.16171811042,52722.262879511385,89754787.77666284,36303146.06196937,51715656.397011295,1735985.31768218,419.78225600122255,-6.867771311529323,3411377303.964538,36.206710409801175,28.673611196440547,6783353.492612871,52.72226287951138,1117.9466841975986,3039.9953528456726,-24.405938512220413,-215.53492261599573,95570.04449974388,15.0,10.0,4.0
S61,444207250569.6095,1779.3044558655072,281848.3613923311,4490.575878592596,70274.63249031547,68386.6767502991,52966.64800216908,89506639.90021673,36240233.1196414,51544705.771563776,1721701.0090115557,419.90457644516766,-6.842064271255312,3414812266.7381177,36.206710409801175,28.702898955306424,6804732.275245185,52.96664800216908,1117.0123514015106,3039.5524993825356,-28.336956940093785,-250.0245994415461,95593.37890274148,15.0,10.0,5.0
S62,444323499928.3725,1779.062140755473,280723.61912835855,4495.1451464824095,70207.10403149176,68362.4339051927,54212.71024551705,89476436.19928783,35944065.438413434,51781796.461707935,1750574.2991664773,421.33347086617914,-6.460870999766118,3409195757.7560043,36.206710409801175,28.52197855375206,7109262.517779303,54.21271024551705,1117.2923486124516,3038.9296733025094,-31.433413300235276,-277.02800874299743,95600.20249140849,15.0,10.0,6.0
S63,444211133955.84814,1778.8684064942422,281558.55658684013,4471.6353113969,70182.4390947785,68368.18524437753,54251.61770918493,89551701.40580228,36004918.69327292,51807233.79159555,1739548.9209338194,421.3264311561049,-6.46400155931709,3411373626.302295,36.206710409801175,28.32230782681244,7125477.970807437,54.251617709184934,1115.9558297991532,3038.566237322752,-33.03357510389732,-290.86301153741334,95766.4867893156,15.0,10.0,7.0
S64,444129236651.2223,1778.598668847192,283010.87902402144,4475.198201662451,70180.18323659721,68360.23968040953,54029.52537001134,89489112.07793982,35961572.11605036,51785366.75301895,1742173.20887051,421.2859449571086,-6.464201688069262,3411175321.876709,36.206710409801175,28.183032762062744,7126037.1644851,54.02952537001134,1116.2237045007682,3038.0100538465495,-33.18362082298997,-292.1464192538282,96011.2051025404,15.0,10.0,8.0
S65,445777795750.6377,1787.0541570682724,282199.04616555676,4490.791776508715,70767.20796912411,68485.69988772937,52547.093043540735,91923661.15872696,36927544.36608714,53272785.55409181,1723331.238548005,421.0077565637621,-6.556120527898081,3417418013.797087,36.206710409801175,28.959911975333853,6710661.342655905,52.547093043540734,1117.4629346621443,3056.1244465451146,-1.6185621493137134,-136.79985110927942,95697.96776849194,10.0,100.0,1.0
S66,445595344162.8744,1786.0957891446997,282281.49000290694,4490.229209455134,70733.17008104175,68482.40023680557,52586.24335971606,89935241.8442272,36170086.31851125,52044705.815898255,1720449.7098176952,421.1864188816052,-6.592457083253483,3419462120.064083,36.18324473925728,28.83661818081474,6721326.296609229,52.586243359716065,1117.2735118577186,3053.1802296009696,-2.984228404853254,-251.96405137027094,95714.7065779851,10.0,100.0,2.0
S67,445574889414.57935,1785.779595900167,282286.0340651567,4490.192093672782,70724.82436236998,68436.56756962762,52924.9671793601,89941523.73593883,36162001.36348876,52056649.90342045,1722872.469029619,421.2036007998826,-6.589597981486142,3419267612.1240883,36.191391963249814,28.97179759369054,6726817.085034052,52.9249671793601,1117.2596281229587,3052.299121053452,-3.9268515912313906,-331.00403216539115,95772.51705403744,10.0,100.0,3.0
S68,445583057824.78174,1785.6009136498983,282259.0864813584,4490.1836076083255,70718.88225285192,68428.63650256878,52603.80727473139,89936980.63398544,36180274.23402631,52033251.19427523,1723455.205683896,421.17813494489263,-6.591229562449218,3418466354.2674184,36.17296044242322,28.72689711260952,6734890.287733241,52.603807274731395,1117.2725933037543,3051.818209841653,-4.5818402907919165,-385.9036615081143,95700.11922382376,10.0,100.0,4.0
S69,445558267765.2471,1785.4051870764254,282282.0822426093,4490.351611158354,70707.00040452207,68448.93087789271,53233.4791771892,89959542.01414761,36206094.47495572,52027993.78100907,1725453.7581828297,421.15353956890436,-6.5960772238773515,3417465876.0977726,36.19247382612753,28.900745831578067,6736938.449663162,53.233479177189196,1117.266239606276,3051.1826400431823,-5.101170633053823,-429.31247979609526,95832.36886267431,10.0,100.0,5.0
S70,445576312616.34045,1785.383539541976,282276.16051018046,4490.042936011935,70710.67611127635,68413.30171882246,52886.71763672483,89888988.25569263,36173018.03348017,51991931.65099853,1724038.5712139322,421.288891896171,-6.591995401932604,3418436462.891757,36.14697335123055,28.698356494660825,6744287.281157921,52.88671763672483,1117.250064273956,3051.1331104393344,-5.365119993068036,-451.1976938182628,95755.3797826032,10.0,100.0,6.0
S71,445563652029.1,1785.3745340789603,282871.8010342688,4490.024620784097,70709.31286088191,68415.02368063119,52764.73793825324,89780826.11329913,36123814.02875887,51931692.10434258,1725319.980197679,421.29011821500376,-6.591194542731271,3418371825.299127,36.14237138001748,29.620873568393,6746942.077678959,52.76473793825324,1117.2643067471206,3051.142432851942,-5.440376546276602,-457.3640144994362,95850.18002696385,10.0,100.0,7.0
S72,445539843248.16736,1785.3825061893976,283790.1582554827,4490.028499461698,70708.64698190038,68412.21070616976,52384.639864668825,89812219.43618561,36138685.44758998,51952801.741691306,1720732.2469043224,421.3138028388198,-6.589118904432995,3418576915.67014,36.15307995938189,29.245607304602807,6746710.338100823,52.38463986466883,1117.2569302567827,3051.1577706523526,-5.454997541013211,-458.523329443324,95957.13686153668,10.0,100.0,8.0
S73,445896764910.96906,1786.6149273655014,281132.93895989953,4490.587875757761,70734.35322092885,68495.91023215608,54066.25133425491,89755241.2041931,35838494.52338438,52162974.56836273,1753772.1124459929,421.96526245474894,-6.1860595562260565,3411563267.2052026,36.252834013501094,28.63451154970636,7011277.400728378,54.06625133425491,1117.7565362885232,3055.568845631611,-2.474341478494493,-150.79064013445898,95784.00832459945,10.0,70.0,1.0
S74,445527416590.55225,1785.1638735958652,282348.42352844635,4488.685403563143,70699.35584718936,68512.24993871021,52155.20192949574,92073921.85292739,37022090.18452794,53331800.460372806,1720031.208026641,421.10815336135016,-6.609489265085154,3415834204.930238,36.21365740532514,29.0010347532652,6722742.757604234,52.155201929495746,1116.9704505410384,3052.2162507573876,-4.725342819733785,-287.8283554503222,95640.78332948097,10.0,70.0,2.0
S75,445466214430.57336,1784.4657321377422,282288.5580060988,4488.345060023203,70694.10425286189,68452.57567188976,53658.909866059614,90145225.1063066,36245946.36653925,52176027.13601877,1723251.603748576,421.19847784818666,-6.610031904546199,3418097896.3599906,36.15279128450422,29.20827969291589,6741911.8989868555,53.658909866059616,1116.7146433424557,3050.7567141611285,-6.289107175564854,-382.4892766554086,95916.49857138665,10.0,70.0,3.0
S76,445468943501.9267,1784.1740913084432,282269.80553783535,4485.721284238093,70658.72067556325,68431.4634674291,52779.51822943378,89925154.4089122,36198896.2986946,52004983.55791939,1721274.55229821,421.15526355813364,-6.601004049863151,3417623870.023803,36.168740391666255,29.2615797219808,6740064.261066576,52.779518229433776,1116.4227057013618,3050.2392881056885,-7.391332389413955,-449.1769514807788,95725.04583889993,10.0,70.0,4.0
S77,445479132456.4732,1783.896752687454,282317.77587162826,4484.822231588354,70635.7289541608,68436.98628225541,53556.54883282755,89902530.80444232,36190621.50919363,51991144.89343469,1720764.4018139993,421.11018400688073,-6.594505911153916,3417242624.4980416,36.15972281439089,29.05969756203012,6745378.930562869,53.55654883282755,1116.288950804454,3049.81034980816,-8.305342120361516,-504.48995537718787,95886.37243449208,10.0,70.0,5.0
S78,445463926526.0141,1783.599788765422,282356.7620513092,4485.216910988336,70598.99908544558,68409.23390224809,51850.44735030389,90096811.75405623,36244774.848667614,52133387.13885141,1718649.766537201,421.3875153827877,-6.593133198174075,3418644271.40597,36.186383611615305,28.75729168726581,6752652.680965638,51.85044735030389,1116.1605795113555,3049.331732773046,-8.900788208193422,-540.3805580408473,95540.13186005902,10.0,70.0,6.0
S79,445465205052.1071,1783.607037226287,282996.14371613826,4484.675978702383,70630.46839898947,68411.54182104042,53210.65361832286,90775008.54322585,36522353.51795839,52534359.76622386,1718295.2590436025,421.30876857386147,-6.592346373897112,3417229304.907215,36.11759364325308,28.93355360219527,6757926.776596545,53.21065361832286,1116.139136363515,3049.401527125338,-9.098050179630734,-551.924414370829,95946.69670663869,10.0,70.0,7.0
S80,445432984493.646,1783.5890325125438,283873.95265472913,4484.690176844188,70630.90755562566,68410.57458650185,53134.25500120891,89866623.36834338,36162274.631025776,51984058.41525477,1720290.322062837,421.3015336551871,-6.5949675048858465,3417902674.1271253,36.143635451009835,28.586854064061285,6759108.3545999285,53.13425500120891,1116.121189477269,3049.379152607693,-9.121014696487872,-553.2724184312133,96106.87599498195,10.0,70.0,8.0
S81,445839605469.7635,1786.4447310270994,281131.62656761,4490.48125675548,70719.87045628906,68501.88188690953,53323.72315716211,89820934.93650514,35854462.52282953,52215954.52189575,1750517.8917798584,421.7785572988099,-6.193346916314826,3410955685.224107,36.25767743087434,28.77141095618849,7017860.950115402,53.32372315716211,1117.6689065606695,3055.3478543591273,-3.005533603805937,-131.062343696129,95633.51666494524,10.0,50.0,1.0
S82,445390822307.9845,1784.7456694102411,282292.71585881687,4487.2148290573305,70687.18913131993,68522.53014061408,52437.26242454548,90223112.93050143,36334979.06559616,52166816.59273312,1721317.2721721472,420.7481345770952,-6.620043379952963,3416312120.6928606,36.155260761387964,29.11912469399268,6734303.373931508,52.43726242454548,1116.5614750667448,3051.524900268979,-5.713282656166546,-249.07697245309618,95685.38247687074,10.0,50.0,2.0
S83,445293534158.7921,1783.8714233881708,282314.9463918463,4485.250533551056,70631.84576631672,68479.89210860615,53755.38827675599,89918571.57725577,36214746.98872983,51979852.63900173,1723971.9495242126,420.77720700568165,-6.611227562660334,3417910482.2293115,36.16801322802007,28.697140876078983,6762322.713133857,53.755388276755994,1116.1999378465896,3049.7707586340593,-7.764324647286719,-338.1085427297015,95933.46461541523,10.0,50.0,3.0
S84,445259735899.8277,1783.522860605305,282314.1766871434,4484.960212589211,70636.79499165746,68428.97464026476,53042.1521425193,89849076.10622327,36196941.79677744,51931706.16187294,1720428.1475728834,420.7495336765145,-6.602114849436058,3417941567.649516,36.13509536808938,28.757894458695105,6759136.329963225,53.0421521425193,1116.074923653627,3049.015024324817,-9.19475458850696,-399.92201382752586,95781.41173483481,10.0,50.0,4.0
S85,445255746006.0732,1783.133691289681,282322.53959185927,4484.828186144412,70570.80961142125,68448.01966221703,53424.7957243349,89760444.63145489,36174658.27000807,51865203.701549366,1720582.65989745,420.68662987528074,-6.591353052782169,3417368926.2512856,36.16447609917115,28.63514106817872,6767434.011630065,53.4247957243349,1115.996457659578,3048.4938699666154,-10.36850633208388,-450.64626389802083,95850.19855519538,10.0,50.0,5.0
S86,445214094717.2056,1782.7314574552952,282339.7981094185,4484.669735014671,70524.13745525196,68388.97866267894,52761.63950760823,89773294.05906309,36157247.72155623,51897497.31722783,1718549.0202790326,421.0715574962657,-6.588638359214363,3420192237.9488516,36.14323127158994,29.097967625232275,6773213.281770509,52.76163950760824,1115.779288897376,3047.7697511152255,-11.1668645072518,-485.1340193134297,95699.84469399446,10.0,50.0,6.0
S87,445201059178.9587,1782.9815340237872,282954.8109260361,4467.229476707416,70566.64038477992,68390.42157016436,52942.003814167554,89799059.24887761,36155233.74415077,51932372.28047597,1711453.2242508838,421.1362453582305,-6.591862361169997,3421730376.2954288,36.157707507635955,28.68592526175768,6792420.0173668265,52.942003814167556,1114.1546811289265,3048.5586576089445,-11.501359720098689,-499.462644594703,95864.22123437107,10.0,50.0,7.0
S88,445170713401.4343,1782.9710682280931,283871.382267385,4466.443552648509,70569.65831392664,68375.70745604046,53052.63581205229,89990283.7485643,36216766.5712008,52062277.95404704,1711239.2233164576,421.16420472385806,-6.59278966095002,3421929507.501351,36.139736786528324,28.60570388247164,6791309.6511874525,53.052635812052294,1114.1050712821905,3048.5535379917683,-11.54659762744007,-501.3317966127695,96067.1654804106,10.0,50.0,8.0
S89,445527892414.9257,1786.1152136984465,282166.24453402014,4490.401528710148,70702.96659818091,68504.43614432566,53765.187478649095,91333737.78360745,36789277.89116214,52821220.28536069,1723239.6070846352,420.19045332682714,-6.63498661573761,3415422882.8136168,36.18003570683591,28.80467778757573,6728649.082751173,53.765187478649096,1117.3708728713461,3054.5810859671906,-4.931742533867722,-43.539893727009805,95925.84725677718,10.0,10.0,1.0
S90,445141032502.0127,1784.3236740144985,282295.749004488,4490.024741911509,70671.45935226971,68511.43489303294,53130.64119343316,90888336.88405965,36695058.87594901,52471009.40249045,1722268.6056201877,420.32101461998997,-6.695732659207258,3415093217.872172,36.1292872439629,29.65646653934271,6752194.245098783,53.13064119343316,1117.2689130398824,3050.264461209199,-9.491575440754536,-83.87103690228119,95819.86183702706,10.0,10.0,2.0
S91,444913345920.9062,1783.1209886943209,282291.40320845356,4494.275945351356,70616.23273425421,68458.32995871913,52616.54289213087,89876673.36455989,36242755.17178872,51905174.93717828,1728743.2555928808,420.0847853365542,-6.689236003643817,3415800628.847201,36.20166843503614,28.696242052629778,6776813.34290701,52.61654289213087,1117.3102946669026,3047.725484229676,-13.277713541742033,-117.35583741564606,95695.35694778182,10.0,10.0,3.0
S92,444831296084.6247,1782.6672562292924,282276.5956033346,4490.571701855146,70603.66815834037,68408.77583122376,53624.37396157777,89868308.50027229,36224623.11617355,51919586.40465744,1724098.9794412956,420.23182504834716,-6.67128680673261,3417500493.3275313,36.19163015382235,29.201630310693883,6793228.682042953,53.62437396157777,1117.1844355869684,3046.8500201908264,-16.30398449328083,-143.9979261569211,95880.79705126633,10.0,10.0,4.0
S93,444729974816.8622,1782.109898620739,282263.1244735921,4490.097725937087,70453.90989170308,68438.19588618225,53416.09118778407,89854406.61089922,36297780.51392726,51832536.659016326,1724089.4379556333,420.173809187017,-6.658532974711276,3417340939.15228,36.18822090913298,29.33049171706239,6797481.256228762,53.41609118778407,1117.2097755108732,3045.528312255281,-18.948747229525758,-167.18671803013427,95812.28383303972,10.0,10.0,5.0
S94,444629787707.4024,1781.5414337492814,282304.22292454797,4484.798341715268,70384.6843246352,68428.13972304773,52037.821989657954,90008926.56448077,36409706.99715519,51880549.50689174,1718670.060433828,420.40521418680225,-6.654077979546281,3418788796.418517,36.119689530689854,28.83329275239386,6797575.310096966,52.03782198965796,1116.6830188303409,3044.609888238421,-21.015056578912358,-185.21819519917736,95527.93346072081,10.0,10.0,6.0
S95,444579499467.76086,1781.4018340142989,282851.90558950533,4484.937607243257,70361.76261436802,68424.52522685162,52815.20858674451,89719986.44574997,36261264.532161966,51739816.81176437,1718905.101823635,420.29376065391915,-6.656373601430537,3418719298.3130484,36.1822959196069,29.04121289892454,6795168.391681849,52.81520858674451,1116.6916564996402,3044.225261100347,-22.087039554287678,-194.50248061585953,95787.66792494255,10.0,10.0,7.0
S96,444531474448.14514,1781.2738218227644,283774.2962369831,4485.024271280727,70358.17173636588,68425.59792266837,53225.833405835336,89830156.78298672,36303824.02905427,51804690.51969555,1721642.2342368888,420.24463391866436,-6.654314837470876,3418488437.0125165,36.15999371182421,28.826107066681207,6794074.405590843,53.22583340583534,1116.6858536079928,3043.9870165483144,-22.191666052628978,-195.39789560935193,96053.78471462669,10.0,10.0,8.0
S97,445699670608.1269,1787.008736846072,282699.6972380903,4494.130717026499,70803.62964469257,68503.46652756055,53767.2782686076,89963892.94999984,36154311.09363245,52081640.71206085,1727941.144306542,421.06487162558085,-6.410055143115367,3421279618.939768,36.22606488100018,28.814075349373503,6707049.308907961,53.767278268607605,1117.150071575846,3056.042712385277,-0.8133872004360082,-68.81124394802893,96053.6404791955,5.0,100.0,1.0
S98,445647616046.34106,1786.5954705530091,282689.89180813864,4489.988300497615,70790.85110791924,68475.29467501282,53744.94253352223,89835495.43805037,36101176.29078128,52012982.46270767,1721336.6845614235,421.2420561176934,-6.439283304061649,3423109579.4285846,36.173569367493194,29.42261309014892,6717486.358136978,53.744942533522234,1116.926521616459,3055.0292302597327,-1.5037641380040456,-127.02072813257158,96038.19368501811,5.0,100.0,2.0
S99,445659418904.57605,1786.5002841388646,282694.1275501113,4489.935480001608,70778.48181354321,68450.76923005028,53109.67775290791,90057767.71957435,36190985.48563673,52144235.41332281,1722546.8206147985,421.2713567543641,-6.437213557587324,3422901839.7835236,36.19235732335917,28.785379913252815,6718911.783176141,53.10967775290791,1116.9443890609507,3054.7967684778237,-1.9845539091547992,-167.3431744937421,95904.59836532286,5.0,100.0,3.0
S100,445649406253.3525,1786.3868341619857,282690.4254851491,4490.509396352975,70760.23806773146,68444.88949171989,52712.44366128764,90002153.36757332,36175489.18651697,52102746.10135406,1723918.0797022833,421.2460770392776,-6.434870106484783,3422722846.1757417,36.205333962537836,28.55062951862327,6718377.834435684,52.71244366128764,1116.9518759282946,3054.4098025969492,-2.3135699522022732,-194.93853602435803,95819.70122044822,5.0,100.0,4.0
S101,445665822058.6527,1786.3499222564371,282669.38384360727,4490.0619647213225,70772.74793016128,68439.40726310795,52415.19984314489,89741460.92866467,36082007.68222694,51935349.06544309,1724104.180994645,421.3474350686961,-6.433916438424954,3423142700.1075926,36.21248876880499,28.81974851706881,6735484.470342317,52.41519984314489,1116.9445389598154,3054.279874566877,-2.574105703108989,-216.73854146665548,95757.36016894854,5.0,100.0,5.0
S102,445666042952.3992,1786.3166734567208,282671.4934011061,4490.012689753635,70767.17868070485,68443.11907652303,52794.57642075943,89825425.05767016,36106500.42506198,51993881.68254261,1725042.9500655737,421.3417729622931,-6.431370101672059,3422936388.7009673,36.19386337846404,29.0378706332208,6735448.972777636,52.794576420759434,1116.9446701754625,3054.1862383027355,-2.7105103399927755,-228.06690178269557,95833.2760537694,5.0,100.0,6.0
S103,445660286540.8294,1786.3200174097162,282993.4640573404,4490.016580791369,70768.7564432444,68444.66941689835,52911.08797853146,89923959.62559456,36127258.82108191,52071544.60956636,1725156.1949462935,421.33288279932384,-6.432764571258833,3422624277.2824235,36.19817082853031,29.158608592020222,6737168.076593241,52.91108797853146,1116.9526624301527,3054.2110318713153,-2.750875544497351,-231.3692875576431,95921.59889536121,5.0,100.0,7.0
S104,445647856540.3975,1786.3148351699936,283380.4006169525,4490.334970259169,70770.7698761445,68440.43497660306,52703.90315741976,89942656.25635113,36138502.69843804,52078283.45584736,1725870.1020657234,421.3434115833592,-6.432550673491165,3422641052.2786174,36.155147286954715,28.72797849834773,6736456.050107924,52.70390315741976,1116.9596685647189,3054.1998814896774,-2.7582058337119966,-231.95150741455964,95957.1687194758,5.0,100.0,8.0
S105,445675580300.9974,1786.7847722086058,282699.0941203839,4494.098206441331,70790.468690843,68511.72059553821,53120.756205065765,89865002.30706611,36149505.39295656,51987711.51004489,1727785.4040646534,421.0044681737271,-6.418784033175881,3420876151.3287196,36.226114357670106,28.712690182729627,6706062.319176524,53.12075620506577,1117.0831171326424,3055.749616320142,-1.2470483141722937,-75.99797461531561,95923.22756365444,5.0,70.0,1.0
S106,445614229315.8825,1786.1895385128933,282696.8931272592,4490.134141437033,70763.78082731932,68492.6496891721,52401.5306334218,89851575.82916945,36112877.059866376,52017593.4368399,1721105.3324631786,421.2306298952028,-6.444547317899814,3422502238.296026,36.17786691745218,28.771802325862105,6720716.775326238,52.4015306334218,1116.81222577601,3054.545551848389,-2.3656300466031923,-144.16863975961488,95768.99768372189,5.0,70.0,2.0
S107,445610284036.8847,1785.9094610317577,282731.9272136482,4489.967520039829,70726.16138177851,68487.62977288026,53561.39896446462,90300438.64743142,36321867.16696201,52254893.171309374,1723678.3091600444,421.1527983156159,-6.438827832598148,3421466087.2252097,36.192010476257614,28.86730247461228,6722890.874040167,53.56139896446462,1116.7607014611458,3054.0280545561727,-3.163364508771967,-192.40321495021962,95999.41697056228,5.0,70.0,3.0
S108,445612447813.93353,1785.7605458365,282716.1310156439,4489.129115744322,70712.26498715358,68462.93546274326,52807.60257485516,89798728.08686264,36132313.30753101,51942698.04857105,1723716.7307605962,421.1788661777916,-6.43868246801227,3421859065.473987,36.21139226831048,28.941595024055133,6726595.771224428,52.80760257485516,1116.6294421427747,3053.753446441214,-3.713170727245014,-225.6933569674321,95837.61263122804,5.0,70.0,4.0
S109,445642159780.85297,1785.670751205574,282705.2320893225,4489.061706963261,70734.14468534545,68445.30760748914,53289.326202355136,89977338.87064329,36171443.24606633,52082816.115715474,1723079.5088614833,421.2322108320587,-6.436244000663178,3421833230.956813,36.21514184811685,28.875754406463365,6736960.62244485,53.289326202355134,1116.6428891682049,3053.656357230524,-4.1733073749998,-253.53854083995827,95932.61445829511,5.0,70.0,5.0
S110,445642869153.8801,1785.5731796591754,282755.0644328884,4484.995128253894,70715.25641248922,68441.79685986723,53332.81133526904,91139657.65978332,36652693.304099776,52768103.01028046,1718861.345403089,421.38488855774665,-6.432426591892087,3422296384.155555,36.172635978911316,28.87995846407485,6746343.52244278,53.33281133526904,1116.2579134338596,3053.54001596992,-4.480481106160476,-272.0194698984297,95945.98483375355,5.0,70.0,6.0
S111,445641134493.8829,1785.5848985351038,283022.61956132523,4484.95751903314,70710.82123418713,68441.47154396414,52704.80019399462,89815353.75714545,36112890.26637017,51980568.601010695,1721894.889764587,421.40087599447327,-6.431286971698666,3423208629.8059,36.20653026556634,28.74690545598739,6747673.476738829,52.70480019399462,1116.2266446030037,3053.6056407036494,-4.571069998218642,-277.375692786704,95872.93401050085,5.0,70.0,7.0
S112,445631220039.2811,1785.5948187810015,283441.6544400255,4484.878169064936,70710.18151103082,68440.5566776355,52349.97829552474,89974505.75343117,36165041.4988787,52087291.372600645,1722172.8819518303,421.39699490925085,-6.431756641272988,3423126138.631802,36.13713426034378,28.5615168430428,6747638.852860601,52.34997829552474,1116.2194365688188,3053.6334852166046,-4.5877939665735665,-278.3402925931331,95885.44981865629,5.0,70.0,8.0
S113,445658459144.41736,1786.7585246908827,282718.6652360779,4493.7535380470745,70781.34844795201,68517.40551987823,52962.79439274262,90697200.01800707,36456786.52812281,52513242.31705096,1727171.1728332993,420.89463060035075,-6.42556323017791,3420169008.700837,36.194366391411386,28.931779237093785,6714135.942779256,52.962794392742616,1117.0482611698478,3055.6996075156358,-1.5269589761885012,-66.53919330970356,95894.79342693958,5.0,50.0,1.0
S114,445535638663.0875,1785.9098642213492,282715.21191245975,4490.413632848175,70748.78042217545,68507.10108043702,53272.06201895158,90022554.97775976,36183952.18675871,52114391.63681018,1724211.1541908735,421.0919357406145,-6.453730933830124,3421880602.8424606,36.18701660953922,29.27128026076662,6733239.422584551,53.27206201895158,1116.724815057178,3054.026941995645,-2.8750048564927844,-125.3651549581535,95946.7138133744,5.0,50.0,2.0
S115,445497410805.6986,1785.429588083192,282706.2252428368,4490.418836212843,70704.57844539307,68497.59498691802,52720.77161477655,90075736.85346521,36232684.32760466,52117702.73666799,1725349.7891925722,420.87434829466997,-6.4473436337049455,3420835483.208558,36.196585878380176,28.74231642724643,6738038.460356757,52.72077161477655,1116.5984195964809,3053.1878967557186,-3.903810807262192,-170.0261539413022,95823.91782522746,5.0,50.0,3.0
S116,445476464656.0966,1785.176062620733,282702.8744867977,4493.721772661559,70716.57393043276,68465.77708109433,52793.844180349886,89883904.33819515,36168836.59936115,51988259.90473494,1726807.8340990592,420.83070440936456,-6.449051536633684,3420592699.808332,36.16495615301086,28.86930990506535,6743523.8163499115,52.793844180349886,1116.6708546947723,3052.59941408846,-4.621094830961376,-201.03726084279302,95834.55829026726,5.0,50.0,4.0
S117,445509784593.2973,1785.0602409279848,282684.98661047674,4490.055326759244,70718.4517985576,68439.30279107865,52702.48827688947,89869344.79363322,36138661.85694443,52005961.33466663,1724721.6020221715,420.90752416395,-6.4355871068844355,3421899944.3265357,36.13240718641609,29.29976014028649,6761012.489471469,52.70248827688947,1116.512146683936,3052.5887568497,-5.210414823898315,-226.51720768089703,95807.05696075234,5.0,50.0,5.0
S118,445492770524.5568,1784.8579345454646,282709.7816976786,4490.097090820281,70690.65142288661,68447.53870387326,52708.17724570575,89833290.59502794,36139282.715855256,51968998.12136882,1725009.757803877,420.95798830457346,-6.438637758247121,3422112979.744823,36.17082385109793,28.79523128591878,6762344.575170612,52.708177245705755,1116.434614788856,3052.212516741767,-5.614871491389914,-243.9875792725492,95809.2492321929,5.0,50.0,6.0
S119,445487498794.16406,1784.854820700274,283030.93044729065,4489.250728808385,70689.34242056074,68443.70303771732,52762.73012256793,89814295.5716393,36128403.97769296,51960271.61598177,1725619.9779645626,420.9676195879633,-6.435655455865966,3422196610.994522,36.18797319224828,29.24982506962935,6763809.381857031,52.76273012256793,1116.305758986379,3052.2287981358627,-5.7845405044229725,-251.2648173429642,95883.191351389,5.0,50.0,7.0
S120,445479644198.4118,1784.8878112937507,283422.1283944575,4488.03011065031,70687.54387419773,68442.10717886678,52372.52982884072,89822668.72804202,36135986.49536437,51962478.64199404,1724203.59068362,420.97497731643443,-6.43711111557732,3422250670.4048767,36.210288761207316,28.78720067062265,6763857.831701372,52.37252982884072,1116.2028844192062,3052.309621257441,-5.8078948742333925,-252.23319347147668,95882.4678774026,5.0,50.0,8.0
S121,445569580331.33496,1786.4358009634127,282707.74400129676,4493.809630088806,70779.36261747591,68510.793642368,52438.16708772589,91477483.692822,36817631.15642716,52929711.32239649,1730141.213998353,420.46304161006753,-6.4508856330700555,3418976014.6991262,36.22007703783281,28.968915531104315,6733451.161637873,52.43816708772589,1117.0926851078934,3055.132236272849,-2.523134751048463,-22.22882379521019,95785.97539579107,5.0,10.0,1.0
S122,445392602621.5415,1785.56601894828,282677.81371588435,4490.047696098716,70770.62202658915,68491.51833530549,52810.51359900518,89944586.41689321,36180666.10946542,52038388.69606906,1725531.6113587315,420.6072056027562,-6.483432747961479,3421230923.718752,36.218412284943554,28.46524806307156,6749658.739487265,52.810513599005176,1116.8576661468358,3053.239346626291,-4.741115746761619,-41.92042460337991,95848.10307457659,5.0,10.0,2.0
S123,445319448232.2104,1785.1811211138895,282661.7076033853,4494.00678117799,70733.40188397875,68464.41598624317,53354.98078601961,89932878.93500069,36195608.5528543,52009603.2421374,1727667.1400089925,420.5608656751483,-6.487933345234082,3420328815.173231,36.19290648328763,28.398398986730676,6754543.369384099,53.35498078601961,1117.0342975954952,3052.355732087844,-6.665023161373165,-58.90968583686077,95941.70260816097,5.0,10.0,3.0
S124,445265989999.9264,1784.9327155386077,282618.02627219993,4494.04967843307,70715.40156890202,68456.4219615075,52812.50985495053,89915351.03431493,36201419.37289633,51986449.72777708,1727481.9336415164,420.497698760123,-6.485721595421827,3420004759.310633,36.2219993414136,28.65832025172553,6754954.41180384,52.81250985495053,1117.0390562317978,3051.695441555278,-8.194333769008889,-72.36130508922267,95819.28186719862,5.0,10.0,4.0
S125,445252178192.6752,1784.786498405035,282630.5293585738,4491.407642330864,70690.97826709601,68439.19354895756,52781.66333280378,89758134.76818533,36153946.59877184,51879418.54537724,1724769.6240362506,420.68510930906706,-6.4747558510730245,3421621258.1426334,36.21328022984886,29.099017735098503,6773217.8369388515,52.78166333280378,1117.0051182956058,3051.2896503207694,-9.50662468129132,-83.88268438637677,95806.7544299524,5.0,10.0,5.0
S126,445172906745.6361,1784.2982589660037,282647.1293132187,4493.774078241247,70636.9176705878,68451.17381372137,51988.02925295903,91497637.20842431,36856303.577162944,52916104.75432913,1725228.8769322466,420.74837983912084,-6.470900686385655,3420417285.118809,36.2041496847288,28.875497134910177,6770681.664648874,51.98802925295903,1117.055305525653,3050.343576991144,-10.615458095292144,-93.49546938200484,95643.40482574563,5.0,10.0,6.0
S127,445165305530.30615,1784.321644325542,282953.33677904255,4493.774983563081,70592.62270003982,68476.8092764017,52200.47682818424,89987002.10443306,36268554.17170952,51989956.32052472,1728491.6121988092,420.6749928092107,-6.473891359977186,3420926471.618042,36.20330066518006,28.91769530423771,6767576.935575198,52.20047682818424,1117.098781429773,3050.3611238083927,-11.108345331884761,-97.81544845508753,95743.40411344628,5.0,10.0,7.0
S128,445144900718.0508,1784.3097709041003,283358.79670377885,4493.799691998107,70571.57207484427,68472.17033331635,52133.76256451068,89810058.24653298,36224146.893668674,51859528.77621515,1726382.5766491585,420.523043775816,-6.47734558113259,3420277712.8063297,36.189407724229405,28.85689853018816,6752730.798029422,52.13376256451068,1117.0841947245083,3050.3951939038834,-11.155200595610745,-98.22250777065551,95806.02027368965,5.0,10.0,8.0
S129,445600796721.59,1786.8369572098727,283295.31635165494,4494.596689111718,70800.32752660148,68522.95869327392,53054.095906294395,95363946.13279915,36720521.63594318,53008298.3306075,5635126.166248469,421.1465275851095,-6.288831073095497,3422028225.830398,36.22351948526187,28.9356433757782,6700951.626001168,53.05409590629439,1117.1390115224142,3055.5309915261673,0.0,0.0,96033.45903338729,0.0,0.0,0.0
